target_role,player,team,competition,season,role,age,minutes,goals_per90,goals_per90_adj,shots_per90,shots_per90_adj,similarity_score,uncertainty_band,fit_bucket,above_target,below_target,summary
striker,Raúl Ruidíaz,Seattle Sounders,us Major League Soccer,2022,striker,31,1302,0.6,0.5384177777777778,3.5,3.2364622222222224,0.95,Medium,younger alternative,none,"shots, minutes","Similar striker to Lionel Messi. Above target: none. Below target: shots, minutes. Uncertainty: Medium."
striker,Teemu Pukki,Minnesota Utd,us Major League Soccer,2023,striker,32,1031,0.9,0.7058666666666666,3.4,3.1369435897435896,0.947,Medium,younger alternative,sot_pct_adj,"shots, minutes","Similar striker to Lionel Messi. Above target: sot_pct_adj. Below target: shots, minutes. Uncertainty: Medium."
striker,Tai Baribo,Philadelphia Union,us Major League Soccer,2024,striker,26,1409,0.6,0.541535864978903,3.2,3.051071729957806,0.938,Medium,younger alternative,none,"shots, minutes","Similar striker to Lionel Messi. Above target: none. Below target: shots, minutes. Uncertainty: Medium."
striker,Son Heung-min,LAFC,us Major League Soccer,2025,striker,32,803,1.0,0.7286627218934911,3.9,3.3597869822485213,0.936,Medium,younger alternative,"sot_pct_adj, goals_per_shot_adj","shots, minutes","Similar striker to Lionel Messi. Above target: sot_pct_adj, goals_per_shot_adj. Below target: shots, minutes. Uncertainty: Medium."
striker,Josef Martínez,Atlanta Utd,us Major League Soccer,2022,striker,28,1465,0.6,0.5429794238683128,3.0,2.920592592592593,0.933,Medium,younger alternative,none,"shots, minutes","Similar striker to Lionel Messi. Above target: none. Below target: shots, minutes. Uncertainty: Medium."
striker,Adam Buksa,NE Revolution,us Major League Soccer,2022,striker,25,815,0.8,0.6254035087719299,3.9,3.3661052631578947,0.928,Medium,younger alternative,none,"shots, minutes","Similar striker to Lionel Messi. Above target: none. Below target: shots, minutes. Uncertainty: Medium."
striker,Felipe Mora,Portland Timbers,us Major League Soccer,2024,striker,30,1889,0.7,0.6246344827586208,3.1,3.0058758620689656,0.925,Low,younger alternative,minutes,"shots_on_target, shots","Similar striker to Lionel Messi. Above target: minutes. Below target: shots_on_target, shots. Uncertainty: Low."
striker,Daniel Musovski,Seattle Sounders,us Major League Soccer,2025,striker,29,1562,0.8,0.682456692913386,3.1,2.9925354330708664,0.921,Medium,younger alternative,minutes,"shots_on_target, shots","Similar striker to Lionel Messi. Above target: minutes. Below target: shots_on_target, shots. Uncertainty: Medium."
striker,Giorgos Giakoumakis,Atlanta Utd,us Major League Soccer,2023,striker,28,1781,0.9,0.7638273381294964,3.2999999999999994,3.1442589928057547,0.919,Low,younger alternative,"minutes, goals_per_sot_adj","shots_on_target, shots","Similar striker to Lionel Messi. Above target: minutes, goals_per_sot_adj. Below target: shots_on_target, shots. Uncertainty: Low."
striker,Brenner,FC Cincinnati,us Major League Soccer,2022,striker,22,2056,0.8,0.7030649350649352,3.3,3.1594285714285713,0.916,Low,younger alternative,minutes,"shots_on_target, shots","Similar striker to Lionel Messi. Above target: minutes. Below target: shots_on_target, shots. Uncertainty: Low."
striker,Christian Benteke,D.C. United,us Major League Soccer,2024,striker,33,2594,0.8000000000000002,0.7188695652173914,3.2999999999999994,3.182347826086956,0.908,Low,younger alternative,minutes,"shots_on_target, shots","Similar striker to Lionel Messi. Above target: minutes. Below target: shots_on_target, shots. Uncertainty: Low."
striker,William Agada,Sporting KC,us Major League Soccer,2022,striker,22,918,0.8,0.635956043956044,4.0,3.454417582417583,0.908,Medium,younger alternative,sot_pct_adj,"shots, minutes","Similar striker to Lionel Messi. Above target: sot_pct_adj. Below target: shots, minutes. Uncertainty: Medium."
striker,Leonardo Campana,Inter Miami,us Major League Soccer,2022,striker,21,1585,0.6,0.545875,3.1,2.9933750000000003,0.906,Low,younger alternative,minutes,"shots_on_target, shots","Similar striker to Lionel Messi. Above target: minutes. Below target: shots_on_target, shots. Uncertainty: Low."
striker,Alonso Martínez,NYCFC,us Major League Soccer,2024,striker,25,1488,1.0,0.8128326530612244,3.3,3.123281632653061,0.903,Low,younger alternative,"goals_per_sot_adj, goals_per_shot_adj","minutes, shots","Similar striker to Lionel Messi. Above target: goals_per_sot_adj, goals_per_shot_adj. Below target: minutes, shots. Uncertainty: Low."
striker,Anderson Julio,Real Salt Lake,us Major League Soccer,2024,striker,27,1394,0.6,0.5410382978723405,3.5,3.2476765957446814,0.884,Medium,younger alternative,none,"sot_pct_adj, minutes","Similar striker to Lionel Messi. Above target: none. Below target: sot_pct_adj, minutes. Uncertainty: Medium."
striker,Brian White,Vancouver W'caps,us Major League Soccer,2025,striker,28,1671,0.9,0.7576842105263158,2.9,2.8575338345864663,0.879,Low,younger alternative,"minutes, sot_pct_adj","shots_on_target, shots","Similar striker to Lionel Messi. Above target: minutes, sot_pct_adj. Below target: shots_on_target, shots. Uncertainty: Low."
striker,Ramiro Enrique,Orlando City,us Major League Soccer,2024,striker,22,1084,0.7,0.59072,3.0,2.9035200000000003,0.875,Medium,younger alternative,none,"shots, minutes","Similar striker to Lionel Messi. Above target: none. Below target: shots, minutes. Uncertainty: Medium."
striker,Dejan Joveljić,LA Galaxy,us Major League Soccer,2024,striker,24,1927,0.7,0.6256598639455782,2.8,2.7887891156462583,0.871,Low,younger alternative,"minutes, sot_pct_adj","shots_on_target, shots","Similar striker to Lionel Messi. Above target: minutes, sot_pct_adj. Below target: shots_on_target, shots. Uncertainty: Low."
striker,Héber,NYCFC,us Major League Soccer,2022,striker,30,1012,0.7,0.5861666666666667,3.0,2.8994999999999997,0.861,Medium,younger alternative,none,"shots, minutes","Similar striker to Lionel Messi. Above target: none. Below target: shots, minutes. Uncertainty: Medium."
striker,Cristian Arango,Real Salt Lake,us Major League Soccer,2023,striker,27,758,0.7000000000000001,0.5667317073170732,3.1,2.9335609756097565,0.845,Medium,younger alternative,sot_pct_adj,"shots, minutes","Similar striker to Lionel Messi. Above target: sot_pct_adj. Below target: shots, minutes. Uncertainty: Medium."
striker,Tani Oluwaseyi,Minnesota Utd,us Major League Soccer,2024,striker,23,1084,0.7,0.59072,3.0,2.9035200000000003,0.845,Medium,younger alternative,none,"shots, minutes","Similar striker to Lionel Messi. Above target: none. Below target: shots, minutes. Uncertainty: Medium."
striker,Petar Musa,FC Dallas,us Major League Soccer,2025,striker,26,2295,0.7,0.6347582089552238,3.0,2.9424,0.841,Low,younger alternative,minutes,"shots_on_target, shots","Similar striker to Lionel Messi. Above target: minutes. Below target: shots_on_target, shots. Uncertainty: Low."
striker,Klauss,St. Louis City,us Major League Soccer,2023,striker,25,1315,0.7,0.6032920353982301,2.9,2.8500176991150443,0.831,Medium,younger alternative,none,"shots, minutes","Similar striker to Lionel Messi. Above target: none. Below target: shots, minutes. Uncertainty: Medium."
striker,Samuel Adeniran,St. Louis City,us Major League Soccer,2023,striker,24,949,0.8,0.6386162162162163,3.3,3.0659675675675677,0.81,Medium,younger alternative,none,"sot_pct_adj, minutes","Similar striker to Lionel Messi. Above target: none. Below target: sot_pct_adj, minutes. Uncertainty: Medium."
striker,Sam Surridge,Nashville SC,us Major League Soccer,2025,striker,26,2934,0.7,0.6461674876847291,3.3,3.19335960591133,0.775,Low,standard match,"minutes, pens_attempted","shots_on_target, shots","Similar striker to Lionel Messi. Above target: minutes, pens_attempted. Below target: shots_on_target, shots. Uncertainty: Low."
striker,Mikael Uhre,Philadelphia Union,us Major League Soccer,2022,striker,27,1617,0.7,0.6159384615384615,2.6,2.6488615384615386,0.772,Low,standard match,"minutes, sot_pct_adj","shots_on_target, shots","Similar striker to Lionel Messi. Above target: minutes, sot_pct_adj. Below target: shots_on_target, shots. Uncertainty: Low."
striker,Kévin Denkey,FC Cincinnati,us Major League Soccer,2025,striker,24,2273,0.6,0.5583903903903904,3.0,2.9420540540540543,0.759,Low,standard match,minutes,"shots_on_target, shots","Similar striker to Lionel Messi. Above target: minutes. Below target: shots_on_target, shots. Uncertainty: Low."
striker,Romell Quioto,CF Montréal,us Major League Soccer,2022,striker,30,2045,0.7,0.6288078175895766,3.3,3.158970684039088,0.75,Low,standard match,"minutes, pens_attempted","shots_on_target, shots","Similar striker to Lionel Messi. Above target: minutes, pens_attempted. Below target: shots_on_target, shots. Uncertainty: Low."
striker,Cory Burke,Philadelphia Union,us Major League Soccer,2022,striker,30,1194,0.5,0.47250704225352114,3.2,3.034291079812207,0.747,Medium,upside bet,none,"shots, minutes","Similar striker to Lionel Messi. Above target: none. Below target: shots, minutes. Uncertainty: Medium."
striker,Jesús Ferreira,FC Dallas,us Major League Soccer,2022,striker,21,2658,0.6,0.5630506666666667,2.8,2.7912106666666667,0.744,Low,standard match,minutes,"shots_on_target, shots","Similar striker to Lionel Messi. Above target: minutes. Below target: shots_on_target, shots. Uncertainty: Low."
striker,Aaron Boupendza,FC Cincinnati,us Major League Soccer,2023,striker,26,606,0.7,0.5513197278911565,4.2,3.4156734693877553,0.743,Medium,upside bet,sot_pct_adj,"shots, minutes","Similar striker to Lionel Messi. Above target: sot_pct_adj. Below target: shots, minutes. Uncertainty: Medium."
striker,Duncan McGuire,Orlando City,us Major League Soccer,2023,striker,21,1388,0.8,0.6724102564102565,2.1,2.325230769230769,0.742,Medium,standard match,"sot_pct_adj, goals_per_shot_adj","shots, minutes","Similar striker to Lionel Messi. Above target: sot_pct_adj, goals_per_shot_adj. Below target: shots, minutes. Uncertainty: Medium."
striker,Preston Judd,SJ Earthquakes,us Major League Soccer,2025,striker,25,1057,0.5,0.4702741116751269,3.3,3.080223350253807,0.719,Medium,upside bet,none,"shots, minutes","Similar striker to Lionel Messi. Above target: none. Below target: shots, minutes. Uncertainty: Medium."
striker,Julián Carranza,Philadelphia Union,us Major League Soccer,2022,striker,21,2210,0.6,0.5574969325153374,3.7,3.4690306748466258,0.704,Low,standard match,minutes,"shots_on_target, sot_pct_adj","Similar striker to Lionel Messi. Above target: minutes. Below target: shots_on_target, sot_pct_adj. Uncertainty: Low."
striker,Patrick Agyemang,Charlotte,us Major League Soccer,2024,striker,23,1838,0.5,0.47938028169014085,2.8,2.788394366197183,0.696,Low,standard match,minutes,"shots_on_target, shots","Similar striker to Lionel Messi. Above target: minutes. Below target: shots_on_target, shots. Uncertainty: Low."
striker,Brandon Vazquez,FC Cincinnati,us Major League Soccer,2022,striker,23,2740,0.6,0.5639166666666666,2.7,2.7122500000000005,0.687,Low,standard match,minutes,"shots_on_target, shots","Similar striker to Lionel Messi. Above target: minutes. Below target: shots_on_target, shots. Uncertainty: Low."
striker,Denis Bouanga,LAFC,us Major League Soccer,2023,striker,28,2530,0.7,0.6394570637119114,4.9,4.425495844875347,0.683,Low,standard match,"minutes, shots","shots_on_target, sot_pct_adj","Similar striker to Lionel Messi. Above target: minutes, shots. Below target: shots_on_target, sot_pct_adj. Uncertainty: Low."
striker,Cucho,Columbus Crew,us Major League Soccer,2024,striker,24,2113,0.8,0.7052190476190476,5.8,5.027631746031746,0.681,Low,standard match,"minutes, shots","shots_on_target, sot_pct_adj","Similar striker to Lionel Messi. Above target: minutes, shots. Below target: shots_on_target, sot_pct_adj. Uncertainty: Low."
striker,Daniel Armando Ríos,Atlanta Utd,us Major League Soccer,2024,striker,28,1359,0.5,0.47464935064935065,2.8,2.7857316017316016,0.66,Medium,standard match,none,"shots, minutes","Similar striker to Lionel Messi. Above target: none. Below target: shots, minutes. Uncertainty: Medium."
striker,Javier Hernández,LA Galaxy,us Major League Soccer,2022,striker,33,2583,0.6,0.5622452316076294,3.1,3.025623978201635,0.649,Low,standard match,"minutes, pens_attempted","shots_on_target, shots","Similar striker to Lionel Messi. Above target: minutes, pens_attempted. Below target: shots_on_target, shots. Uncertainty: Low."
striker,Ezequiel Ponce,Houston Dynamo,us Major League Soccer,2024,striker,26,741,0.6,0.5144691358024691,3.0,2.8808888888888893,0.649,Medium,standard match,none,"shots, minutes","Similar striker to Lionel Messi. Above target: none. Below target: shots, minutes. Uncertainty: Medium."
striker,Jáder Durán,Chicago Fire,us Major League Soccer,2022,striker,18,1367,0.5,0.4747586206896552,4.0,3.572,0.637,Medium,standard match,none,"sot_pct_adj, minutes","Similar striker to Lionel Messi. Above target: none. Below target: sot_pct_adj, minutes. Uncertainty: Medium."
striker,Anders Dreyer,San Diego FC,us Major League Soccer,2025,striker,26,3019,0.6,0.5666120481927711,3.1,3.0342265060240967,0.599,Low,standard match,minutes,"shots_on_target, shots","Similar striker to Lionel Messi. Above target: minutes. Below target: shots_on_target, shots. Uncertainty: Low."
striker,Gonzalo Higuaín,Inter Miami,us Major League Soccer,2022,striker,34,1749,0.8,0.691036496350365,2.3999999999999995,2.504759124087591,0.575,Low,standard match,"minutes, pens_attempted","shots_on_target, shots","Similar striker to Lionel Messi. Above target: minutes, pens_attempted. Below target: shots_on_target, shots. Uncertainty: Low."
striker,Mateusz Bogusz,LAFC,us Major League Soccer,2024,striker,22,2610,0.5,0.484172972972973,2.9,2.8694702702702704,0.572,Low,standard match,minutes,"shots_on_target, shots","Similar striker to Lionel Messi. Above target: minutes. Below target: shots_on_target, shots. Uncertainty: Low."
striker,Victor Olatunji,Real Salt Lake,us Major League Soccer,2025,striker,25,643,0.6,0.5082384105960266,2.8,2.778172185430464,0.55,Medium,standard match,sot_pct_adj,"shots, minutes","Similar striker to Lionel Messi. Above target: sot_pct_adj. Below target: shots, minutes. Uncertainty: Medium."
striker,Ercan Kara,Orlando City,us Major League Soccer,2022,striker,26,1776,0.6,0.5499783393501805,2.4,2.5036245487364623,0.545,Low,standard match,minutes,"shots_on_target, shots","Similar striker to Lionel Messi. Above target: minutes. Below target: shots_on_target, shots. Uncertainty: Low."
striker,Kelvin Yeboah,Minnesota Utd,us Major League Soccer,2024,striker,23,709,0.9,0.6619119496855346,4.1,3.425182389937107,0.54,Medium,standard match,"sot_pct_adj, pens_attempted","shots, minutes","Similar striker to Lionel Messi. Above target: sot_pct_adj, pens_attempted. Below target: shots, minutes. Uncertainty: Medium."
striker,Simon Becher,Vancouver W'caps,us Major League Soccer,2023,striker,23,613,0.6,0.5063783783783784,2.5,2.6398918918918923,0.532,High,standard match,none,"shots, minutes","Similar striker to Lionel Messi. Above target: none. Below target: shots, minutes. Uncertainty: High."
striker,Valentín Castellanos,NYCFC,us Major League Soccer,2022,striker,23,1459,0.8,0.6766280991735538,5.0,4.259107438016529,0.504,Low,standard match,pens_attempted,"sot_pct_adj, minutes","Similar striker to Lionel Messi. Above target: pens_attempted. Below target: sot_pct_adj, minutes. Uncertainty: Low."
striker,Jeremy Ebobisse,SJ Earthquakes,us Major League Soccer,2022,striker,24,2944,0.5,0.48561179361179363,3.1,3.0329336609336615,0.478,Low,standard match,minutes,"shots_on_target, shots","Similar striker to Lionel Messi. Above target: minutes. Below target: shots_on_target, shots. Uncertainty: Low."
striker,Dominique Badji,FC Cincinnati,us Major League Soccer,2023,striker,30,916,0.5,0.46782417582417585,2.1,2.389582417582418,0.433,Medium,standard match,none,"shots, minutes","Similar striker to Lionel Messi. Above target: none. Below target: shots, minutes. Uncertainty: Medium."
striker,Lucas Cavallini,Vancouver W'caps,us Major League Soccer,2022,striker,29,1516,0.5,0.47638709677419355,3.1,2.9899354838709677,0.416,Medium,standard match,minutes,"shots, sot_pct_adj","Similar striker to Lionel Messi. Above target: minutes. Below target: shots, sot_pct_adj. Uncertainty: Medium."
striker,Dom Dwyer,Atlanta Utd,us Major League Soccer,2022,striker,31,617,0.6,0.507006711409396,2.9,2.8241879194630872,0.411,High,standard match,goals_per_sot_adj,"sot_pct_adj, minutes","Similar striker to Lionel Messi. Above target: goals_per_sot_adj. Below target: sot_pct_adj, minutes. Uncertainty: High."
striker,Jamal Thiaré,Atlanta Utd,us Major League Soccer,2024,striker,30,1145,0.5,0.47171014492753627,2.1,2.354608695652174,0.4,Medium,standard match,none,"shots, minutes","Similar striker to Lionel Messi. Above target: none. Below target: shots, minutes. Uncertainty: Medium."
striker,Alan Pulido,Sporting KC,us Major League Soccer,2023,striker,31,2207,0.6,0.5573661538461538,2.2,2.3375507692307695,0.393,Low,standard match,"minutes, pens_attempted","shots_on_target, shots","Similar striker to Lionel Messi. Above target: minutes, pens_attempted. Below target: shots_on_target, shots. Uncertainty: Low."
striker,Hugo Cuypers,Chicago Fire,us Major League Soccer,2025,striker,27,2801,0.5,0.4850230179028133,2.7,2.712030690537085,0.365,Low,standard match,minutes,"shots_on_target, shots","Similar striker to Lionel Messi. Above target: minutes. Below target: shots_on_target, shots. Uncertainty: Low."
striker,Idan Markovich,Charlotte,us Major League Soccer,2025,striker,20,1810,0.5,0.4791601423487545,2.1,2.28755871886121,0.363,Low,standard match,minutes,"shots_on_target, shots","Similar striker to Lionel Messi. Above target: minutes. Below target: shots_on_target, shots. Uncertainty: Low."
striker,Elias Manoel,NY Red Bulls,us Major League Soccer,2024,striker,22,1547,0.5,0.4767619047619048,3.4,3.196444444444445,0.356,Medium,standard match,minutes,"shots_on_target, sot_pct_adj","Similar striker to Lionel Messi. Above target: minutes. Below target: shots_on_target, sot_pct_adj. Uncertainty: Medium."
striker,Sebastián Ferreira,Houston Dynamo,us Major League Soccer,2024,striker,25,723,0.6,0.5134000000000001,3.4,3.0794,0.355,Medium,standard match,none,"sot_pct_adj, minutes","Similar striker to Lionel Messi. Above target: none. Below target: sot_pct_adj, minutes. Uncertainty: Medium."
striker,Taxiarchis Fountas,D.C. United,us Major League Soccer,2023,striker,27,1099,0.5,0.47100990099009904,4.3,3.689623762376238,0.275,Medium,standard match,none,"sot_pct_adj, minutes","Similar striker to Lionel Messi. Above target: none. Below target: sot_pct_adj, minutes. Uncertainty: Medium."
striker,Eric Maxim Choupo-Moting,NY Red Bulls,us Major League Soccer,2025,striker,35,2755,0.6,0.5641036269430052,2.0,2.157264248704663,0.263,Low,standard match,"minutes, sot_pct_adj","shots_on_target, shots","Similar striker to Lionel Messi. Above target: minutes, sot_pct_adj. Below target: shots_on_target, shots. Uncertainty: Low."
striker,Rafael Navarro,Colorado Rapids,us Major League Soccer,2024,striker,23,2773,0.5,0.48490721649484536,2.9,2.8708865979381444,0.194,Low,standard match,"minutes, pens_attempted","shots_on_target, shots","Similar striker to Lionel Messi. Above target: minutes, pens_attempted. Below target: shots_on_target, shots. Uncertainty: Low."
striker,Franck Boli,Portland Timbers,us Major League Soccer,2023,striker,29,1457,0.4,0.4088595041322315,3.2,3.0541487603305786,0.158,Medium,standard match,none,"shots, minutes","Similar striker to Lionel Messi. Above target: none. Below target: shots, minutes. Uncertainty: Medium."
striker,Kevin Kelsy,FC Cincinnati,us Major League Soccer,2024,striker,19,1241,0.4,0.4098348623853212,2.3,2.4683669724770643,0.136,Medium,standard match,none,"shots, minutes","Similar striker to Lionel Messi. Above target: none. Below target: shots, minutes. Uncertainty: Medium."
striker,Giacomo Vrioni,NE Revolution,us Major League Soccer,2023,striker,24,1312,0.4000000000000001,0.4094867256637169,2.7,2.7208141592920354,0.025,Medium,standard match,none,"shots, minutes","Similar striker to Lionel Messi. Above target: none. Below target: shots, minutes. Uncertainty: Medium."
striker,Federico Bernardeschi,Toronto FC,us Major League Soccer,2022,striker,27,1096,0.7,0.5918019801980199,3.3,3.0856633663366337,0.025,Medium,standard match,pens_attempted,"shots, minutes","Similar striker to Lionel Messi. Above target: pens_attempted. Below target: shots, minutes. Uncertainty: Medium."
striker,Deandre Kerr,Toronto FC,us Major League Soccer,2025,striker,22,879,0.4,0.4120449438202248,1.1,1.8455280898876407,-0.054,Medium,standard match,none,"shots, minutes","Similar striker to Lionel Messi. Above target: none. Below target: shots, minutes. Uncertainty: Medium."
striker,Hirving Lozano,San Diego FC,us Major League Soccer,2025,striker,29,1824,0.4,0.40757597173144877,4.5,4.007787985865725,-0.087,Low,standard match,minutes,"shots_on_target, sot_pct_adj","Similar striker to Lionel Messi. Above target: minutes. Below target: shots_on_target, sot_pct_adj. Uncertainty: Low."
striker,Sergio Santos Gomes,FC Cincinnati,us Major League Soccer,2023,striker,28,904,0.4,0.4119111111111111,2.8,2.781688888888889,-0.11,Medium,standard match,none,"shots, minutes","Similar striker to Lionel Messi. Above target: none. Below target: shots, minutes. Uncertainty: Medium."
striker,Cristian Olivera,LAFC,us Major League Soccer,2023,striker,20,601,0.3,0.36900680272108843,3.7000000000000006,3.1877823129251706,-0.128,Medium,standard match,none,"shots, minutes","Similar striker to Lionel Messi. Above target: none. Below target: shots, minutes. Uncertainty: Medium."
striker,Bobby Wood,NE Revolution,us Major League Soccer,2023,striker,30,1483,0.4,0.4087510204081633,1.9,2.1804244897959184,-0.13,Medium,standard match,none,"shots, minutes","Similar striker to Lionel Messi. Above target: none. Below target: shots, minutes. Uncertainty: Medium."
striker,Jarosław Niezgoda,Portland Timbers,us Major League Soccer,2022,striker,26,1969,0.4,0.40717056856187295,1.6,1.910046822742475,-0.134,Low,standard match,minutes,"shots_on_target, shots","Similar striker to Lionel Messi. Above target: minutes. Below target: shots_on_target, shots. Uncertainty: Low."
striker,Mason Toye,CF Montréal,us Major League Soccer,2023,striker,24,676,0.4000000000000001,0.4138322580645162,2.4,2.5851870967741934,-0.135,Medium,standard match,none,"sot_pct_adj, minutes","Similar striker to Lionel Messi. Above target: none. Below target: sot_pct_adj, minutes. Uncertainty: Medium."
striker,Monsef Bakrar,NYCFC,us Major League Soccer,2023,striker,22,754,0.4,0.41307317073170735,3.3,3.036,-0.154,Medium,standard match,none,"sot_pct_adj, minutes","Similar striker to Lionel Messi. Above target: none. Below target: sot_pct_adj, minutes. Uncertainty: Medium."
striker,Christian Ramirez,LA Galaxy,us Major League Soccer,2025,striker,33,917,0.4,0.41178021978021984,2.3,2.50167032967033,-0.155,Medium,standard match,none,"shots, minutes","Similar striker to Lionel Messi. Above target: none. Below target: shots, minutes. Uncertainty: Medium."
striker,Nicholas Gioacchini,St. Louis City,us Major League Soccer,2023,striker,22,2095,0.4,0.4068498402555911,1.9,2.1195015974440894,-0.169,Low,standard match,minutes,"shots_on_target, shots","Similar striker to Lionel Messi. Above target: minutes. Below target: shots_on_target, shots. Uncertainty: Low."
striker,Tomas Ángel,San Diego FC,us Major League Soccer,2025,striker,21,715,0.4,0.4134842767295598,1.6,2.183044025157233,-0.175,Medium,standard match,none,"shots, minutes","Similar striker to Lionel Messi. Above target: none. Below target: shots, minutes. Uncertainty: Medium."
striker,Johnny Russell,Sporting KC,us Major League Soccer,2023,striker,32,1687,0.4,0.40802996254681645,2.1,2.2973932584269665,-0.221,Low,standard match,minutes,"shots_on_target, shots","Similar striker to Lionel Messi. Above target: minutes. Below target: shots_on_target, shots. Uncertainty: Low."
striker,Kacper Przybyłko,Chicago Fire,us Major League Soccer,2023,striker,29,975,0.4,0.411404255319149,1.9,2.2654468085106383,-0.224,Medium,standard match,none,"shots, minutes","Similar striker to Lionel Messi. Above target: none. Below target: shots, minutes. Uncertainty: Medium."
striker,Prince Owusu,CF Montréal,us Major League Soccer,2025,striker,28,2818,0.4,0.40545547073791355,2.7,2.711969465648855,-0.237,Low,standard match,minutes,"shots_on_target, shots","Similar striker to Lionel Messi. Above target: minutes. Below target: shots_on_target, shots. Uncertainty: Low."
striker,Paul Arriola,FC Dallas,us Major League Soccer,2022,striker,26,2562,0.39999999999999997,0.4058739726027397,1.9000000000000001,2.0882301369863017,-0.243,Low,standard match,minutes,"shots_on_target, shots","Similar striker to Lionel Messi. Above target: minutes. Below target: shots_on_target, shots. Uncertainty: Low."
striker,Gyasi Zardes,Austin FC,us Major League Soccer,2023,striker,31,1465,0.4,0.4088230452674897,1.8,2.1156543209876544,-0.274,Medium,standard match,none,"shots, minutes","Similar striker to Lionel Messi. Above target: none. Below target: shots, minutes. Uncertainty: Medium."
striker,Maximiliano Urruti,Austin FC,us Major League Soccer,2022,striker,30,2184,0.4,0.4066377708978329,2.4,2.488866873065015,-0.276,Low,standard match,minutes,"shots_on_target, shots","Similar striker to Lionel Messi. Above target: minutes. Below target: shots_on_target, shots. Uncertainty: Low."
striker,Jacen Russell-Rowe,Columbus Crew,us Major League Soccer,2025,striker,22,1726,0.4000000000000001,0.40788235294117653,2.5,2.576117647058824,-0.279,Low,standard match,minutes,"shots_on_target, shots","Similar striker to Lionel Messi. Above target: minutes. Below target: shots_on_target, shots. Uncertainty: Low."
striker,Luis Muriel,Orlando City,us Major League Soccer,2025,striker,33,2104,0.4,0.406828025477707,3.3,3.1621146496815284,-0.3,Low,standard match,minutes,"shots_on_target, sot_pct_adj","Similar striker to Lionel Messi. Above target: minutes. Below target: shots_on_target, sot_pct_adj. Uncertainty: Low."
striker,Bruno Damiani,Philadelphia Union,us Major League Soccer,2025,striker,22,2030,0.3,0.33315032679738565,3.2,3.084653594771242,-0.304,Low,standard match,minutes,"shots_on_target, shots","Similar striker to Lionel Messi. Above target: minutes. Below target: shots_on_target, shots. Uncertainty: Low."
striker,Michael Estrada,D.C. United,us Major League Soccer,2022,striker,25,861,0.4,0.4121818181818182,1.6,2.126727272727273,-0.38,Medium,standard match,none,"shots, minutes","Similar striker to Lionel Messi. Above target: none. Below target: shots, minutes. Uncertainty: Medium."
striker,Carlos Vela,LAFC,us Major League Soccer,2023,striker,33,2066,0.4,0.4069161290322581,2.7,2.7151741935483873,-0.397,Low,standard match,"minutes, pens_attempted","shots_on_target, shots","Similar striker to Lionel Messi. Above target: minutes, pens_attempted. Below target: shots_on_target, shots. Uncertainty: Low."
striker,Georgios Koutsias,Chicago Fire,us Major League Soccer,2024,striker,19,810,0.2,0.3067294117647059,2.8,2.780611764705882,-0.478,Medium,standard match,none,"shots, minutes","Similar striker to Lionel Messi. Above target: none. Below target: shots, minutes. Uncertainty: Medium."
striker,Patryk Klimala,NY Red Bulls,us Major League Soccer,2022,striker,23,1638,0.3,0.33871755725190844,3.0,2.926351145038168,-0.481,Low,standard match,"minutes, pens_attempted","shots_on_target, shots","Similar striker to Lionel Messi. Above target: minutes, pens_attempted. Below target: shots_on_target, shots. Uncertainty: Low."
striker,Franco Jara,FC Dallas,us Major League Soccer,2022,striker,33,905,0.3,0.3560441988950277,3.8,3.3398011049723757,-0.484,Medium,standard match,none,"sot_pct_adj, minutes","Similar striker to Lionel Messi. Above target: none. Below target: sot_pct_adj, minutes. Uncertainty: Medium."
striker,Nathan Ordaz,LAFC,us Major League Soccer,2025,striker,21,1313,0.3,0.34488495575221245,1.9,2.204,-0.515,Medium,standard match,none,"shots, minutes","Similar striker to Lionel Messi. Above target: none. Below target: shots, minutes. Uncertainty: Medium."
striker,Will Bruin,Seattle Sounders,us Major League Soccer,2022,striker,32,868,0.3,0.35763636363636364,2.1,2.399454545454546,-0.518,Medium,standard match,none,"sot_pct_adj, minutes","Similar striker to Lionel Messi. Above target: none. Below target: sot_pct_adj, minutes. Uncertainty: Medium."
striker,Michael Barrios,2 Teams,us Major League Soccer,2023,striker,31,953,0.3,0.3545376344086022,2.2,2.4403440860215055,-0.53,Medium,standard match,none,"shots, minutes","Similar striker to Lionel Messi. Above target: none. Below target: shots, minutes. Uncertainty: Medium."
striker,Luis Amarilla,Minnesota Utd,us Major League Soccer,2022,striker,26,2349,0.3,0.32974780058651026,2.9,2.866873900293255,-0.564,Low,standard match,minutes,"shots_on_target, sot_pct_adj","Similar striker to Lionel Messi. Above target: minutes. Below target: shots_on_target, sot_pct_adj. Uncertainty: Low."
striker,Jesús Jiménez,Toronto FC,us Major League Soccer,2022,striker,28,2342,0.3,0.32983529411764706,2.0,2.1785411764705884,-0.568,Low,standard match,minutes,"shots_on_target, shots","Similar striker to Lionel Messi. Above target: minutes. Below target: shots_on_target, shots. Uncertainty: Low."
striker,Quinn Sullivan,Philadelphia Union,us Major League Soccer,2023,striker,18,690,0.3,0.3646114649681529,1.8,2.28856050955414,-0.58,Medium,standard match,none,"shots, minutes","Similar striker to Lionel Messi. Above target: none. Below target: shots, minutes. Uncertainty: Medium."
striker,Robert Taylor,2 Teams,us Major League Soccer,2025,striker,30,610,0.3,0.36854054054054053,2.5,2.6398918918918923,-0.618,High,standard match,none,"shots, minutes","Similar striker to Lionel Messi. Above target: none. Below target: shots, minutes. Uncertainty: High."
striker,Rwan,Real Salt Lake,us Major League Soccer,2025,striker,23,612,0.0,0.23070270270270274,4.0,3.329081081081081,-0.622,Medium,standard match,none,"sot_pct_adj, minutes","Similar striker to Lionel Messi. Above target: none. Below target: sot_pct_adj, minutes. Uncertainty: Medium."
striker,Tom Barlow,Chicago Fire,us Major League Soccer,2024,striker,28,749,0.2,0.31131288343558283,3.0,2.881619631901841,-0.662,Medium,standard match,none,"shots, minutes","Similar striker to Lionel Messi. Above target: none. Below target: shots, minutes. Uncertainty: Medium."
striker,Matheus Nascimento,LA Galaxy,us Major League Soccer,2025,striker,20,1166,0.2,0.2864,1.4,1.9176380952380954,-0.693,Medium,standard match,none,"shots, minutes","Similar striker to Lionel Messi. Above target: none. Below target: shots, minutes. Uncertainty: Medium."
striker,Miguel Berry,LA Galaxy,us Major League Soccer,2024,striker,26,826,0.2,0.3054883720930233,1.2,1.925023255813954,-0.696,Medium,standard match,none,"shots, minutes","Similar striker to Lionel Messi. Above target: none. Below target: shots, minutes. Uncertainty: Medium."
striker,David Martínez,LAFC,us Major League Soccer,2025,striker,18,1171,0.2,0.2864,2.8,2.784304761904762,-0.712,Medium,standard match,none,"shots, minutes","Similar striker to Lionel Messi. Above target: none. Below target: shots, minutes. Uncertainty: Medium."
striker,Justin Rennicks,NE Revolution,us Major League Soccer,2022,striker,22,780,0.2,0.30864670658682636,1.4,2.050922155688623,-0.733,Medium,standard match,none,"shots, minutes","Similar striker to Lionel Messi. Above target: none. Below target: shots, minutes. Uncertainty: Medium."
striker,Brian Rodríguez,LAFC,us Major League Soccer,2022,striker,21,819,0.2,0.30610526315789477,2.9,2.833941520467836,-0.739,Medium,standard match,none,"shots, minutes","Similar striker to Lionel Messi. Above target: none. Below target: shots, minutes. Uncertainty: Medium."
striker,Dániel Sallói,Sporting KC,us Major League Soccer,2023,striker,26,2867,0.19999999999999998,0.24547368421052632,2.3,2.391989974937343,-0.74,Low,standard match,minutes,"shots_on_target, shots","Similar striker to Lionel Messi. Above target: minutes. Below target: shots_on_target, shots. Uncertainty: Low."
striker,Myrto Uzuni,Austin FC,us Major League Soccer,2025,striker,29,2064,0.3,0.3328284789644013,2.3,2.4187831715210355,-0.776,Low,standard match,minutes,"shots_on_target, shots","Similar striker to Lionel Messi. Above target: minutes. Below target: shots_on_target, shots. Uncertainty: Low."
striker,Enzo Copetti,Charlotte,us Major League Soccer,2023,striker,27,1982,0.3,0.33381333333333335,1.6,1.9090133333333337,-0.799,Low,standard match,minutes,"shots_on_target, shots","Similar striker to Lionel Messi. Above target: minutes. Below target: shots_on_target, shots. Uncertainty: Low."
striker,Aliyu Ibrahim,Houston Dynamo,us Major League Soccer,2023,striker,21,1205,0.2,0.284785046728972,1.5,1.9705794392523366,-0.809,Medium,standard match,none,"shots, minutes","Similar striker to Lionel Messi. Above target: none. Below target: shots, minutes. Uncertainty: Medium."
striker,Khiry Shelton,Sporting KC,us Major League Soccer,2023,striker,29,842,0.1,0.2502528735632184,0.6,1.5925517241379308,-0.815,Medium,standard match,none,"shots, minutes","Similar striker to Lionel Messi. Above target: none. Below target: shots, minutes. Uncertainty: Medium."
striker,Teal Bunbury,Nashville SC,us Major League Soccer,2023,striker,32,1648,0.2,0.2689885931558936,2.3,2.439558935361217,-0.815,Low,standard match,minutes,"shots_on_target, sot_pct_adj","Similar striker to Lionel Messi. Above target: minutes. Below target: shots_on_target, sot_pct_adj. Uncertainty: Low."
striker,Mender García,Minnesota Utd,us Major League Soccer,2023,striker,24,1029,0.3,0.35228865979381446,2.2,2.430432989690722,-0.825,Medium,standard match,none,"shots, minutes","Similar striker to Lionel Messi. Above target: none. Below target: shots, minutes. Uncertainty: Medium."
striker,Kwadwo Opoku,2 Teams,us Major League Soccer,2023,striker,21,2104,0.3,0.33230573248407647,2.3,2.416891719745223,-0.836,Low,standard match,minutes,"shots_on_target, shots","Similar striker to Lionel Messi. Above target: minutes. Below target: shots_on_target, shots. Uncertainty: Low."
striker,Emmanuel Latte Lath,Atlanta Utd,us Major League Soccer,2025,striker,26,2195,0.3,0.3313086419753086,2.3,2.413283950617284,-0.837,Low,standard match,minutes,"shots_on_target, shots","Similar striker to Lionel Messi. Above target: minutes. Below target: shots_on_target, shots. Uncertainty: Low."
striker,C.J. Sapong,Nashville SC,us Major League Soccer,2022,striker,33,2464,0.2,0.2512542372881356,1.7999999999999998,2.016677966101695,-0.844,Low,standard match,minutes,"shots_on_target, shots","Similar striker to Lionel Messi. Above target: minutes. Below target: shots_on_target, shots. Uncertainty: Low."
striker,Ariath Piol,Real Salt Lake,us Major League Soccer,2025,striker,20,903,0.10000000000000002,0.2452444444444445,1.3,1.9483555555555558,-0.867,Medium,standard match,none,"shots, minutes","Similar striker to Lionel Messi. Above target: none. Below target: shots, minutes. Uncertainty: Medium."
striker,Sunusi Ibrahim,CF Montréal,us Major League Soccer,2023,striker,20,1173,0.2,0.2864,2.5,2.598590476190476,-0.888,Medium,standard match,none,"sot_pct_adj, minutes","Similar striker to Lionel Messi. Above target: none. Below target: sot_pct_adj, minutes. Uncertainty: Medium."
striker,Diego Rubio,Austin FC,us Major League Soccer,2024,striker,30,1882,0.2,0.26278200692041526,1.9,2.1377301038062284,-0.899,Low,standard match,minutes,"shots_on_target, shots","Similar striker to Lionel Messi. Above target: minutes. Below target: shots_on_target, shots. Uncertainty: Low."
striker,Rubio Rubin,Real Salt Lake,us Major League Soccer,2022,striker,25,866,0.1,0.2485454545454546,2.1,2.399454545454546,-0.921,Medium,standard match,none,"shots, minutes","Similar striker to Lionel Messi. Above target: none. Below target: shots, minutes. Uncertainty: Medium."
striker,Levonte Johnson,Vancouver W'caps,us Major League Soccer,2024,striker,24,669,0.0,0.22171428571428572,1.9,2.3461298701298703,-0.922,Medium,standard match,none,"sot_pct_adj, minutes","Similar striker to Lionel Messi. Above target: none. Below target: sot_pct_adj, minutes. Uncertainty: Medium."
striker,Ayo Akinola,2 Teams,us Major League Soccer,2023,striker,23,613,0.0,0.23070270270270274,1.8,2.31827027027027,-0.928,High,standard match,none,"shots_on_target, minutes","Similar striker to Lionel Messi. Above target: none. Below target: shots_on_target, minutes. Uncertainty: High."
striker,Latif Blessing,2 Teams,us Major League Soccer,2023,striker,26,1188,0.0,0.16105660377358494,0.5,1.3523773584905663,-0.928,Medium,standard match,none,"shots, minutes","Similar striker to Lionel Messi. Above target: none. Below target: shots, minutes. Uncertainty: Medium."
striker,Dante Vanzeir,NY Red Bulls,us Major League Soccer,2024,striker,25,2081,0.2,0.25834083601286173,2.2,2.343742765273312,-0.944,Low,standard match,minutes,"shots_on_target, shots","Similar striker to Lionel Messi. Above target: minutes. Below target: shots_on_target, shots. Uncertainty: Low."
striker,Ola Brynhildsen,Toronto FC,us Major League Soccer,2025,striker,25,1335,0.1,0.2146666666666667,2.1,2.331157894736842,-0.952,Medium,standard match,none,"sot_pct_adj, minutes","Similar striker to Lionel Messi. Above target: none. Below target: sot_pct_adj, minutes. Uncertainty: Medium."
striker,Jáder Obrian,FC Dallas,us Major League Soccer,2022,striker,26,1343,0.1,0.2141659388646288,1.5,1.9397554585152839,-0.961,Medium,standard match,none,"shots, minutes","Similar striker to Lionel Messi. Above target: none. Below target: shots, minutes. Uncertainty: Medium."
striker,Chinonso Offor,CF Montréal,us Major League Soccer,2023,striker,22,1514,0.2,0.27316129032258063,2.3,2.448,-0.962,Medium,standard match,minutes,"shots_on_target, shots","Similar striker to Lionel Messi. Above target: minutes. Below target: shots_on_target, shots. Uncertainty: Medium."
striker,Alex Mighten,San Diego FC,us Major League Soccer,2025,striker,22,1049,0.1,0.23271065989847717,1.9,2.248751269035533,-0.97,Medium,standard match,none,"shots, minutes","Similar striker to Lionel Messi. Above target: none. Below target: shots, minutes. Uncertainty: Medium."
striker,Darren Yapi,Colorado Rapids,us Major League Soccer,2023,striker,18,891,0.0,0.19074860335195531,1.3,1.951977653631285,-0.976,Medium,standard match,none,"shots, minutes","Similar striker to Lionel Messi. Above target: none. Below target: shots, minutes. Uncertainty: Medium."
striker,Caden Clark,2 Teams,us Major League Soccer,2025,striker,21,1707,0.0,0.12645925925925927,1.2,1.6618666666666666,-0.987,Low,standard match,minutes,"shots_on_target, shots","Similar striker to Lionel Messi. Above target: minutes. Below target: shots_on_target, shots. Uncertainty: Low."
winger,Tani Oluwaseyi,Minnesota Utd,us Major League Soccer,2025,winger,24,1856,0.5,0.43221064649636076,3.0,2.770015698587127,0.979,Low,younger alternative,none,"shots, minutes","Similar winger to Lionel Messi. Above target: none. Below target: shots, minutes. Uncertainty: Low."
winger,Milan Iloski,2 Teams,us Major League Soccer,2025,winger,25,1074,1.0,0.7015690698389909,5.3,4.044846682391549,0.972,Medium,younger alternative,sot_pct_adj,"shots, minutes","Similar winger to Lionel Messi. Above target: sot_pct_adj. Below target: shots, minutes. Uncertainty: Medium."
winger,Lucas Zelarayán,Columbus Crew,us Major League Soccer,2023,winger,30,1702,0.5,0.42792656095895604,3.5,3.1067824899476517,0.969,Low,younger alternative,none,"shots, minutes","Similar winger to Lionel Messi. Above target: none. Below target: shots, minutes. Uncertainty: Low."
winger,Martín Ojeda,Orlando City,us Major League Soccer,2025,winger,26,2680,0.5,0.44870964258719365,3.5,3.22017060792571,0.956,Low,younger alternative,minutes,"shots_on_target, shots","Similar winger to Lionel Messi. Above target: minutes. Below target: shots_on_target, shots. Uncertainty: Low."
winger,Joseph Paintsil,LA Galaxy,us Major League Soccer,2024,winger,25,2294,0.4,0.3660067011879379,2.9,2.727535790435577,0.95,Low,younger alternative,none,"shots, minutes","Similar winger to Lionel Messi. Above target: none. Below target: shots, minutes. Uncertainty: Low."
winger,Jefferson Savarino,Real Salt Lake,us Major League Soccer,2022,winger,25,1522,0.4,0.3542660437669044,3.2,2.8715842963691505,0.949,Low,younger alternative,none,"shots, minutes","Similar winger to Lionel Messi. Above target: none. Below target: shots, minutes. Uncertainty: Low."
winger,Hany Mukhtar,Nashville SC,us Major League Soccer,2023,winger,27,2835,0.5,0.4509170756910359,3.7,3.391707569103591,0.948,Low,younger alternative,minutes,"shots_on_target, shots","Similar winger to Lionel Messi. Above target: minutes. Below target: shots_on_target, shots. Uncertainty: Low."
winger,Diego Rubio,Colorado Rapids,us Major League Soccer,2022,winger,28,2436,0.6,0.5219722076864933,3.4,3.1214372928658642,0.944,Low,younger alternative,minutes,"shots_on_target, shots","Similar winger to Lionel Messi. Above target: minutes. Below target: shots_on_target, shots. Uncertainty: Low."
winger,Gabriel Chaves,LA Galaxy,us Major League Soccer,2024,winger,22,2727,0.5,0.44937922949858794,4.1,3.6984973623914312,0.942,Low,younger alternative,"minutes, sot_pct_adj","attack, shots","Similar winger to Lionel Messi. Above target: minutes, sot_pct_adj. Below target: attack, shots. Uncertainty: Low."
winger,Jonathan Rodríguez,Portland Timbers,us Major League Soccer,2024,winger,30,2427,0.6,0.5217492711370262,3.4,3.1206413994169093,0.94,Low,younger alternative,minutes,"shots_on_target, shots","Similar winger to Lionel Messi. Above target: minutes. Below target: shots_on_target, shots. Uncertainty: Low."
winger,Gustavo Bou,NE Revolution,us Major League Soccer,2023,winger,32,1263,0.5,0.411873840445269,3.9,3.2737476808905384,0.939,Medium,younger alternative,none,"shots, minutes","Similar winger to Lionel Messi. Above target: none. Below target: shots, minutes. Uncertainty: Medium."
winger,Cristian Arango,Real Salt Lake,us Major League Soccer,2024,winger,28,2286,0.7,0.5940486374190395,4.6,4.019833801784187,0.934,Low,younger alternative,none,"shots, minutes","Similar winger to Lionel Messi. Above target: none. Below target: shots, minutes. Uncertainty: Low."
winger,Fafà Picault,Vancouver W'caps,us Major League Soccer,2024,winger,32,1675,0.5,0.4271137026239067,2.5,2.4030995856989414,0.928,Low,younger alternative,none,"shots, minutes","Similar winger to Lionel Messi. Above target: none. Below target: shots, minutes. Uncertainty: Low."
winger,Sebastián Driussi,Austin FC,us Major League Soccer,2023,winger,26,2306,0.4,0.36610787172011666,3.0,2.804239552964043,0.915,Low,younger alternative,none,"shots, minutes","Similar winger to Lionel Messi. Above target: none. Below target: shots, minutes. Uncertainty: Low."
winger,Lewis Morgan,NY Red Bulls,us Major League Soccer,2024,winger,27,2414,0.5,0.44428806005160687,3.5,3.19604738447103,0.908,Low,younger alternative,none,"shots, minutes","Similar winger to Lionel Messi. Above target: none. Below target: shots, minutes. Uncertainty: Low."
winger,Albert Rusnák,Seattle Sounders,us Major League Soccer,2025,winger,30,2148,0.5,0.43922333823811655,2.4,2.344277397479368,0.907,Low,younger alternative,none,"shots, minutes","Similar winger to Lionel Messi. Above target: none. Below target: shots, minutes. Uncertainty: Low."
winger,Christian Ramirez,Columbus Crew,us Major League Soccer,2024,winger,32,1429,0.5,0.4188796857655196,2.7,2.525207070275809,0.885,Medium,younger alternative,none,"shots, minutes","Similar winger to Lionel Messi. Above target: none. Below target: shots, minutes. Uncertainty: Medium."
winger,Lorenzo Insigne,Toronto FC,us Major League Soccer,2022,winger,30,926,0.6,0.45034013605442175,4.8,3.653685736589718,0.882,Medium,younger alternative,none,"shots, minutes","Similar winger to Lionel Messi. Above target: none. Below target: shots, minutes. Uncertainty: Medium."
winger,Philip Zinckernagel,Chicago Fire,us Major League Soccer,2025,winger,30,2516,0.5,0.44614512471655327,2.6,2.5061791383219956,0.881,Low,younger alternative,minutes,"shots_on_target, shots","Similar winger to Lionel Messi. Above target: minutes. Below target: shots_on_target, shots. Uncertainty: Low."
winger,Evander,Portland Timbers,us Major League Soccer,2023,winger,24,2208,0.4,0.3649607535321821,3.0,2.797613814756672,0.873,Low,younger alternative,none,"shots, minutes","Similar winger to Lionel Messi. Above target: none. Below target: shots, minutes. Uncertainty: Low."
winger,Carles Gil,NE Revolution,us Major League Soccer,2023,winger,30,2620,0.4,0.36930524231255846,2.6,2.5089608889377857,0.871,Low,younger alternative,minutes,"shots_on_target, shots","Similar winger to Lionel Messi. Above target: minutes. Below target: shots_on_target, shots. Uncertainty: Low."
winger,Dejan Joveljić,LA Galaxy,us Major League Soccer,2022,winger,22,1003,1.0,0.689069345015493,3.1,2.713740784271824,0.865,Medium,younger alternative,sot_pct_adj,"shots, minutes","Similar winger to Lionel Messi. Above target: sot_pct_adj. Below target: shots, minutes. Uncertainty: Medium."
winger,Carlos Vela,LAFC,us Major League Soccer,2022,winger,32,2319,0.5,0.442639777804613,2.3,2.271078372177273,0.864,Low,younger alternative,none,"shots, minutes","Similar winger to Lionel Messi. Above target: none. Below target: shots, minutes. Uncertainty: Low."
winger,Bongokuhle Hlongwane,Minnesota Utd,us Major League Soccer,2024,winger,23,1921,0.5,0.4338301873650484,2.4,2.3393327296789024,0.857,Low,younger alternative,none,"shots, minutes","Similar winger to Lionel Messi. Above target: none. Below target: shots, minutes. Uncertainty: Low."
winger,Gabriel Pereira,NYCFC,us Major League Soccer,2023,winger,21,1539,0.4,0.35463045776079355,2.8999999999999995,2.6698186844458895,0.854,Low,younger alternative,none,"shots, minutes","Similar winger to Lionel Messi. Above target: none. Below target: shots, minutes. Uncertainty: Low."
winger,Taxiarchis Fountas,D.C. United,us Major League Soccer,2022,winger,26,1467,0.7,0.554371378180902,4.9,4.003804484756866,0.853,Low,younger alternative,none,"shots, minutes","Similar winger to Lionel Messi. Above target: none. Below target: shots, minutes. Uncertainty: Low."
winger,Darwin Quintero,Houston Dynamo,us Major League Soccer,2022,winger,34,1765,0.4,0.35874001774622893,2.2,2.193566992014197,0.847,Low,younger alternative,none,"shots, minutes","Similar winger to Lionel Messi. Above target: none. Below target: shots, minutes. Uncertainty: Low."
winger,Diego Rossi,Columbus Crew,us Major League Soccer,2025,winger,26,2496,0.6,0.5232835991539472,3.4,3.1261190190361856,0.832,Low,younger alternative,minutes,"attack, shots","Similar winger to Lionel Messi. Above target: minutes. Below target: attack, shots. Uncertainty: Low."
winger,Sebastián Blanco,Portland Timbers,us Major League Soccer,2022,winger,33,1820,0.3,0.28798668403531624,2.9,2.6951223042408454,0.803,Low,younger alternative,none,"shots, minutes","Similar winger to Lionel Messi. Above target: none. Below target: shots, minutes. Uncertainty: Low."
winger,Cedric Teuchert,St. Louis City,us Major League Soccer,2024,winger,27,754,0.6,0.4330014932802389,3.1,2.6501493280238924,0.799,Medium,upside bet,none,"shots, minutes","Similar winger to Lionel Messi. Above target: none. Below target: shots, minutes. Uncertainty: Medium."
winger,Ryan Gauld,Vancouver W'caps,us Major League Soccer,2023,winger,27,2632,0.39999999999999997,0.3693877551020408,2.6,2.509205617730964,0.774,Low,standard match,minutes,"shots_on_target, shots","Similar winger to Lionel Messi. Above target: minutes. Below target: shots_on_target, shots. Uncertainty: Low."
winger,Pep Biel,Charlotte,us Major League Soccer,2025,winger,28,2006,0.4,0.36241664982824817,2.4,2.341334949821513,0.765,Low,standard match,none,"shots, minutes","Similar winger to Lionel Messi. Above target: none. Below target: shots, minutes. Uncertainty: Low."
winger,Logan Farrington,FC Dallas,us Major League Soccer,2024,winger,22,1225,0.3,0.28431594860166287,2.8,2.5695578231292515,0.764,Medium,standard match,none,"shots, minutes","Similar winger to Lionel Messi. Above target: none. Below target: shots, minutes. Uncertainty: Medium."
winger,Dániel Gazdag,Philadelphia Union,us Major League Soccer,2023,winger,26,2730,0.5,0.44937922949858794,2.2,2.1953642031225025,0.751,Low,standard match,minutes,"shots_on_target, shots","Similar winger to Lionel Messi. Above target: minutes. Below target: shots_on_target, shots. Uncertainty: Low."
winger,Santiago Rodríguez,NYCFC,us Major League Soccer,2024,winger,24,2792,0.39999999999999997,0.37080062794348506,2.9,2.7518576661433802,0.747,Low,standard match,minutes,"shots_on_target, shots","Similar winger to Lionel Messi. Above target: minutes. Below target: shots_on_target, shots. Uncertainty: Low."
winger,Stephen Afrifa,Sporting KC,us Major League Soccer,2024,winger,22,795,0.5,0.3845966958211856,3.5,2.8703838678328477,0.74,Medium,upside bet,none,"shots, minutes","Similar winger to Lionel Messi. Above target: none. Below target: shots, minutes. Uncertainty: Medium."
winger,Theodore Ku-Dipietro,D.C. United,us Major League Soccer,2023,winger,21,1167,0.4,0.3457725947521866,2.3,2.2534499514091353,0.727,Medium,upside bet,none,"shots, minutes","Similar winger to Lionel Messi. Above target: none. Below target: shots, minutes. Uncertainty: Medium."
winger,Luca Orellano,FC Cincinnati,us Major League Soccer,2024,winger,23,2644,0.3,0.29094183127796575,3.0,2.824129651860744,0.688,Low,standard match,minutes,"shots_on_target, shots","Similar winger to Lionel Messi. Above target: minutes. Below target: shots_on_target, shots. Uncertainty: Low."
winger,Kwadwo Opoku,LAFC,us Major League Soccer,2022,winger,20,1770,0.4,0.35888897075075515,2.8,2.6203050173137847,0.686,Low,standard match,none,"shots, minutes","Similar winger to Lionel Messi. Above target: none. Below target: shots, minutes. Uncertainty: Low."
winger,Yordy Reyna,Charlotte,us Major League Soccer,2022,winger,28,845,0.3,0.2805301430917194,2.6,2.405887872390336,0.673,Medium,standard match,none,"shots, minutes","Similar winger to Lionel Messi. Above target: none. Below target: shots, minutes. Uncertainty: Medium."
winger,Tomás Chancalay,NE Revolution,us Major League Soccer,2025,winger,26,1175,0.3,0.28394428861592025,4.1,3.371206112776864,0.672,Medium,standard match,none,"shots, minutes","Similar winger to Lionel Messi. Above target: none. Below target: shots, minutes. Uncertainty: Medium."
winger,Federico Bernardeschi,Toronto FC,us Major League Soccer,2025,winger,30,1298,0.3,0.2848760932944606,3.4,2.9635021865889213,0.664,Medium,standard match,none,"shots, minutes","Similar winger to Lionel Messi. Above target: none. Below target: shots, minutes. Uncertainty: Medium."
winger,Thiago Almada,Atlanta Utd,us Major League Soccer,2024,winger,22,1392,0.4,0.3515414676508901,3.5,3.0498914459400783,0.658,Medium,standard match,none,"shots, minutes","Similar winger to Lionel Messi. Above target: none. Below target: shots, minutes. Uncertainty: Medium."
winger,Teal Bunbury,Nashville SC,us Major League Soccer,2022,winger,31,654,0.7,0.46870748299319726,3.7,2.904081632653061,0.641,Medium,standard match,none,"shots, minutes","Similar winger to Lionel Messi. Above target: none. Below target: shots, minutes. Uncertainty: Medium."
winger,Karol Świderski,Charlotte,us Major League Soccer,2023,winger,26,2416,0.4,0.3672765657987333,3.0,2.8109899132066625,0.634,Low,standard match,none,"shots, minutes","Similar winger to Lionel Messi. Above target: none. Below target: shots, minutes. Uncertainty: Low."
winger,Derrick Etienne,Columbus Crew,us Major League Soccer,2022,winger,25,2216,0.4,0.3650682358833104,1.9,1.9681732815825717,0.623,Low,standard match,none,"shots, minutes","Similar winger to Lionel Messi. Above target: none. Below target: shots, minutes. Uncertainty: Low."
winger,Sunusi Ibrahim,CF Montréal,us Major League Soccer,2024,winger,21,1006,0.5,0.3990221088435374,2.9,2.5990858843537414,0.603,Medium,standard match,none,"shots, minutes","Similar winger to Lionel Messi. Above target: none. Below target: shots, minutes. Uncertainty: Medium."
winger,Gerardo Valenzuela,FC Cincinnati,us Major League Soccer,2025,winger,20,834,0.5,0.38793205143329007,3.3,2.7810664150053084,0.59,Medium,standard match,sot_pct_adj,"shots, minutes","Similar winger to Lionel Messi. Above target: sot_pct_adj. Below target: shots, minutes. Uncertainty: Medium."
winger,Amahl Pellegrino,2 Teams,us Major League Soccer,2025,winger,34,816,0.4,0.3334049409237379,3.0,2.6153478935433823,0.589,Medium,standard match,none,"shots, minutes","Similar winger to Lionel Messi. Above target: none. Below target: shots, minutes. Uncertainty: Medium."
winger,Matías Rojas,Inter Miami,us Major League Soccer,2024,winger,28,802,0.4,0.3326168337157348,2.0,2.084168578674073,0.584,Medium,standard match,none,"shots, minutes","Similar winger to Lionel Messi. Above target: none. Below target: shots, minutes. Uncertainty: Medium."
winger,Ola Kamara,D.C. United,us Major League Soccer,2022,winger,32,1491,0.5,0.421187987390078,2.2,2.1927824788451966,0.579,Medium,standard match,sot_pct_adj,"shots, minutes","Similar winger to Lionel Messi. Above target: sot_pct_adj. Below target: shots, minutes. Uncertainty: Medium."
winger,Sam Surridge,Nashville SC,us Major League Soccer,2024,winger,25,2387,0.5,0.4438036083998817,2.3,2.271665187814256,0.562,Low,standard match,none,"shots, minutes","Similar winger to Lionel Messi. Above target: none. Below target: shots, minutes. Uncertainty: Low."
winger,Dairon Asprilla,Portland Timbers,us Major League Soccer,2022,winger,29,1847,0.5,0.43197278911564624,2.4,2.3376297887576083,0.559,Low,standard match,none,"shots, minutes","Similar winger to Lionel Messi. Above target: none. Below target: shots, minutes. Uncertainty: Low."
winger,Djordje Mihailovic,CF Montréal,us Major League Soccer,2022,winger,23,1998,0.4,0.36229220164887144,1.8,1.900081092039465,0.558,Low,standard match,sot_pct_adj,"shots, minutes","Similar winger to Lionel Messi. Above target: sot_pct_adj. Below target: shots, minutes. Uncertainty: Low."
winger,Andre Shinyashiki,2 Teams,us Major League Soccer,2022,winger,24,1060,0.6,0.4616780045351474,2.9,2.60820449391878,0.558,Medium,standard match,none,"shots, minutes","Similar winger to Lionel Messi. Above target: none. Below target: shots, minutes. Uncertainty: Medium."
winger,Jacen Russell-Rowe,Columbus Crew,us Major League Soccer,2024,winger,21,1033,0.4,0.3416012558869702,2.8,2.544740973312402,0.557,Medium,standard match,none,"shots, minutes","Similar winger to Lionel Messi. Above target: none. Below target: shots, minutes. Uncertainty: Medium."
winger,Tyler Boyd,LA Galaxy,us Major League Soccer,2023,winger,28,2319,0.3,0.28997705591112183,2.6,2.50007245501751,0.554,Low,standard match,none,"shots, minutes","Similar winger to Lionel Messi. Above target: none. Below target: shots, minutes. Uncertainty: Low."
winger,Jordan Morris,Seattle Sounders,us Major League Soccer,2025,winger,30,753,0.6,0.4330014932802389,2.3,2.240393230462917,0.549,Medium,standard match,sot_pct_adj,"shots, minutes","Similar winger to Lionel Messi. Above target: sot_pct_adj. Below target: shots, minutes. Uncertainty: Medium."
winger,Efrain Alvarez,LA Galaxy,us Major League Soccer,2022,winger,19,1393,0.2,0.21962657403386887,3.2,2.8520191055145463,0.531,Medium,standard match,none,"shots, minutes","Similar winger to Lionel Messi. Above target: none. Below target: shots, minutes. Uncertainty: Medium."
winger,Emmanuel Sabbi,Vancouver W'caps,us Major League Soccer,2025,winger,27,1793,0.4,0.35918367346938773,2.8,2.6215931533903882,0.53,Low,standard match,none,"shots, minutes","Similar winger to Lionel Messi. Above target: none. Below target: shots, minutes. Uncertainty: Low."
winger,Xande Silva,Atlanta Utd,us Major League Soccer,2023,winger,25,635,0.3,0.27756453574807405,2.3,2.2352615218272742,0.527,Medium,standard match,none,"shots, minutes","Similar winger to Lionel Messi. Above target: none. Below target: shots, minutes. Uncertainty: Medium."
winger,Matías Cóccaro,CF Montréal,us Major League Soccer,2024,winger,26,902,0.4,0.336734693877551,2.8,2.523469387755102,0.526,Medium,standard match,none,"shots, minutes","Similar winger to Lionel Messi. Above target: none. Below target: shots, minutes. Uncertainty: Medium."
winger,Julián Fernández,NYCFC,us Major League Soccer,2024,winger,20,674,0.3,0.27814351547070437,2.5,2.3337063857801184,0.523,Medium,standard match,none,"shots, minutes","Similar winger to Lionel Messi. Above target: none. Below target: shots, minutes. Uncertainty: Medium."
winger,Gabriel Pirani,D.C. United,us Major League Soccer,2024,winger,21,1338,0.4,0.35027181178148115,3.0,2.7127706977987702,0.514,Medium,standard match,none,"shots, minutes","Similar winger to Lionel Messi. Above target: none. Below target: shots, minutes. Uncertainty: Medium."
winger,Liel Abada,Charlotte,us Major League Soccer,2024,winger,22,1637,0.4,0.3565352858700732,2.9,2.6794827854806047,0.51,Low,standard match,sot_pct_adj,"shots, minutes","Similar winger to Lionel Messi. Above target: sot_pct_adj. Below target: shots, minutes. Uncertainty: Low."
winger,Alexandre Pato,Orlando City,us Major League Soccer,2022,winger,32,1196,0.2,0.22165373191530133,3.0,2.691194787774265,0.501,Medium,standard match,none,"shots, minutes","Similar winger to Lionel Messi. Above target: none. Below target: shots, minutes. Uncertainty: Medium."
winger,Tyler Wolff,Atlanta Utd,us Major League Soccer,2023,winger,19,649,0.7,0.4671858216970999,1.5,1.8567400644468315,0.496,Medium,standard match,sot_pct_adj,"shots, minutes","Similar winger to Lionel Messi. Above target: sot_pct_adj. Below target: shots, minutes. Uncertainty: Medium."
winger,Cristian Espinoza,SJ Earthquakes,us Major League Soccer,2023,winger,27,3030,0.4,0.3726912347672882,1.9,1.9532961385993246,0.492,Low,standard match,minutes,"shots_on_target, shots","Similar winger to Lionel Messi. Above target: minutes. Below target: shots_on_target, shots. Uncertainty: Low."
winger,Alan Velasco,FC Dallas,us Major League Soccer,2022,winger,19,1928,0.3,0.2884770234624462,2.7,2.5579064278772736,0.475,Low,standard match,none,"shots, minutes","Similar winger to Lionel Messi. Above target: none. Below target: shots, minutes. Uncertainty: Low."
winger,Erik Thommy,Sporting KC,us Major League Soccer,2025,winger,30,1271,0.3,0.28467079139348045,3.2,2.829975066949857,0.46,Medium,standard match,none,"sot_pct_adj, minutes","Similar winger to Lionel Messi. Above target: none. Below target: sot_pct_adj, minutes. Uncertainty: Medium."
winger,Cristian Olivera,LAFC,us Major League Soccer,2024,winger,21,1714,0.29999999999999993,0.28745275888133026,3.0,2.756386999244142,0.459,Low,standard match,none,"shots, minutes","Similar winger to Lionel Messi. Above target: none. Below target: shots, minutes. Uncertainty: Low."
winger,Yuya Kubo,FC Cincinnati,us Major League Soccer,2024,winger,30,2398,0.4,0.367087412999882,2.3,2.271747080335024,0.456,Low,standard match,none,"shots, minutes","Similar winger to Lionel Messi. Above target: none. Below target: shots, minutes. Uncertainty: Low."
winger,Luiz Araújo,Atlanta Utd,us Major League Soccer,2022,winger,25,2189,0.2,0.21427939596891388,3.9000000000000004,3.473450432804701,0.444,Low,standard match,none,"sot_pct_adj, minutes","Similar winger to Lionel Messi. Above target: none. Below target: sot_pct_adj, minutes. Uncertainty: Low."
winger,Darren Yapi,Colorado Rapids,us Major League Soccer,2025,winger,20,1430,0.5,0.4188796857655196,1.8,1.9264623004013322,0.444,Medium,standard match,none,"shots, minutes","Similar winger to Lionel Messi. Above target: none. Below target: shots, minutes. Uncertainty: Medium."
winger,Georgi Minoungou,Seattle Sounders,us Major League Soccer,2025,winger,22,726,0.1,0.1783369248320446,3.6,2.8933198123970083,0.394,Medium,standard match,none,"shots, minutes","Similar winger to Lionel Messi. Above target: none. Below target: shots, minutes. Uncertainty: Medium."
winger,Robin Lod,Minnesota Utd,us Major League Soccer,2024,winger,30,2387,0.3,0.29018041999408456,1.5,1.6571724341910679,0.391,Low,standard match,none,"shots, minutes","Similar winger to Lionel Messi. Above target: none. Below target: shots, minutes. Uncertainty: Low."
winger,Maren Haile-Selassie,Chicago Fire,us Major League Soccer,2025,winger,25,936,0.2,0.2250665483584738,2.2,2.1903504880212954,0.39,Medium,standard match,none,"shots, minutes","Similar winger to Lionel Messi. Above target: none. Below target: shots, minutes. Uncertainty: Medium."
winger,Douglas Costa,LA Galaxy,us Major League Soccer,2023,winger,32,1218,0.2,0.22145230185097295,2.9,2.6312766967252017,0.38,Medium,standard match,none,"shots, minutes","Similar winger to Lionel Messi. Above target: none. Below target: shots, minutes. Uncertainty: Medium."
winger,Ariel Lassiter,Inter Miami,us Major League Soccer,2022,winger,27,1640,0.2,0.21760398816014956,2.7,2.540551487770681,0.373,Medium,standard match,none,"shots, minutes","Similar winger to Lionel Messi. Above target: none. Below target: shots, minutes. Uncertainty: Medium."
winger,Tadeo Allende,Inter Miami,us Major League Soccer,2025,winger,25,2154,0.5,0.43922333823811655,2.2,2.1944341372912803,0.368,Low,standard match,none,"shots, minutes","Similar winger to Lionel Messi. Above target: none. Below target: shots, minutes. Uncertainty: Low."
winger,Quinn Sullivan,Philadelphia Union,us Major League Soccer,2024,winger,19,2403,0.2,0.2132917720402282,2.9,2.7334999705934244,0.348,Low,standard match,none,"shots, minutes","Similar winger to Lionel Messi. Above target: none. Below target: shots, minutes. Uncertainty: Low."
winger,Dániel Sallói,Sporting KC,us Major League Soccer,2025,winger,28,2185,0.3,0.2895115941113287,2.6,2.495431856953308,0.346,Low,standard match,none,"shots, minutes","Similar winger to Lionel Messi. Above target: none. Below target: shots, minutes. Uncertainty: Low."
winger,Þorleifur Úlfarsson,Houston Dynamo,us Major League Soccer,2022,winger,21,1202,0.3,0.2841693686820522,2.8,2.567404157924852,0.338,Medium,standard match,none,"shots, minutes","Similar winger to Lionel Messi. Above target: none. Below target: shots, minutes. Uncertainty: Medium."
winger,Pedro De la Vega,Seattle Sounders,us Major League Soccer,2025,winger,23,1173,0.3,0.2838678328474247,2.9,2.6248785228377067,0.332,Medium,standard match,none,"sot_pct_adj, minutes","Similar winger to Lionel Messi. Above target: none. Below target: sot_pct_adj, minutes. Uncertainty: Medium."
winger,Fredy Montero,Seattle Sounders,us Major League Soccer,2022,winger,34,1284,0.3,0.28480827308501877,3.0,2.7050425551386477,0.321,Medium,standard match,none,"shots, minutes","Similar winger to Lionel Messi. Above target: none. Below target: shots, minutes. Uncertainty: Medium."
winger,Ronaldo Cisneros,Atlanta Utd,us Major League Soccer,2022,winger,25,1725,0.4,0.35813325330132056,2.3,2.2640606242496997,0.307,Low,standard match,none,"shots, minutes","Similar winger to Lionel Messi. Above target: none. Below target: shots, minutes. Uncertainty: Low."
winger,Mateusz Bogusz,LAFC,us Major League Soccer,2023,winger,21,1739,0.2,0.21689466995589446,3.1000000000000005,2.8297600358824857,0.303,Low,standard match,none,"shots, minutes","Similar winger to Lionel Messi. Above target: none. Below target: shots, minutes. Uncertainty: Low."
winger,Telasco Segovia,Inter Miami,us Major League Soccer,2025,winger,21,1617,0.4,0.35620094191522766,1.2,1.5008634222919937,0.3,Medium,standard match,none,"shots, minutes","Similar winger to Lionel Messi. Above target: none. Below target: shots, minutes. Uncertainty: Medium."
winger,Joaquín Pereyra,Minnesota Utd,us Major League Soccer,2025,winger,26,2561,0.2,0.212636287391669,2.2,2.1951355884819685,0.3,Low,standard match,minutes,"shots_on_target, shots","Similar winger to Lionel Messi. Above target: minutes. Below target: shots_on_target, shots. Uncertainty: Low."
winger,Simon Becher,St. Louis City,us Major League Soccer,2025,winger,25,1249,0.2,0.221060478986115,3.2,2.826595843816979,0.29,Medium,standard match,none,"shots, minutes","Similar winger to Lionel Messi. Above target: none. Below target: shots, minutes. Uncertainty: Medium."
winger,Saba Lobzhanidze,Atlanta Utd,us Major League Soccer,2024,winger,29,2454,0.3,0.29040296005087585,3.0,2.813667109903452,0.272,Low,standard match,minutes,"sot_pct_adj, shots","Similar winger to Lionel Messi. Above target: minutes. Below target: sot_pct_adj, shots. Uncertainty: Low."
winger,Jesús Ferreira,FC Dallas,us Major League Soccer,2024,winger,23,1319,0.3,0.28507596871347657,1.9,1.9979052413917109,0.269,Medium,standard match,none,"shots, minutes","Similar winger to Lionel Messi. Above target: none. Below target: shots, minutes. Uncertainty: Medium."
winger,Diego Luna,Real Salt Lake,us Major League Soccer,2023,winger,19,1197,0.4,0.34653636102328256,1.7999999999999998,1.9418990131263771,0.256,Medium,standard match,none,"shots, minutes","Similar winger to Lionel Messi. Above target: none. Below target: shots, minutes. Uncertainty: Medium."
winger,Talles Magno,NYCFC,us Major League Soccer,2022,winger,19,2591,0.2,0.2125332741792369,2.3,2.273436113575865,0.248,Low,standard match,minutes,"shots_on_target, shots","Similar winger to Lionel Messi. Above target: minutes. Below target: shots_on_target, shots. Uncertainty: Low."
winger,Riqui Puig,LA Galaxy,us Major League Soccer,2023,winger,23,2525,0.2,0.21277630165639663,3.1,2.895635705805868,0.235,Low,standard match,minutes,"shots_on_target, shots","Similar winger to Lionel Messi. Above target: minutes. Below target: shots_on_target, shots. Uncertainty: Low."
winger,Aleksei Miranchuk,Atlanta Utd,us Major League Soccer,2024,winger,28,748,0.39999999999999997,0.33013647176662075,2.0,2.0872668085639163,0.235,Medium,standard match,none,"shots, minutes","Similar winger to Lionel Messi. Above target: none. Below target: shots, minutes. Uncertainty: Medium."
winger,Jack McGlynn,Houston Dynamo,us Major League Soccer,2025,winger,21,2308,0.2,0.21372691933916427,2.3,2.2709062196307093,0.233,Low,standard match,none,"shots, minutes","Similar winger to Lionel Messi. Above target: none. Below target: shots, minutes. Uncertainty: Low."
winger,Sergio Córdova,Real Salt Lake,us Major League Soccer,2022,winger,24,2274,0.4,0.3658025372311087,2.3,2.2706441135012563,0.23,Low,standard match,none,"shots, minutes","Similar winger to Lionel Messi. Above target: none. Below target: shots, minutes. Uncertainty: Low."
winger,Wilfried Zaha,Charlotte,us Major League Soccer,2025,winger,32,2737,0.3,0.29117772108843537,1.7,1.7995429421768707,0.216,Low,standard match,minutes,"shots_on_target, shots","Similar winger to Lionel Messi. Above target: minutes. Below target: shots_on_target, shots. Uncertainty: Low."
winger,Samuel Grandsir,LA Galaxy,us Major League Soccer,2022,winger,25,1611,0.20000000000000004,0.21780789535891582,2.0,2.0549208100228507,0.214,Medium,standard match,none,"shots, minutes","Similar winger to Lionel Messi. Above target: none. Below target: shots, minutes. Uncertainty: Medium."
winger,Emmanuel Boateng,NE Revolution,us Major League Soccer,2024,winger,30,706,0.3,0.2785585120123999,1.5,1.8431929733918886,0.181,Medium,standard match,none,"shots, minutes","Similar winger to Lionel Messi. Above target: none. Below target: shots, minutes. Uncertainty: Medium."
winger,Alan Pulido,Sporting KC,us Major League Soccer,2024,winger,32,1953,0.3,0.2885934171648457,1.9,1.9748299319727893,0.163,Low,standard match,none,"shots, minutes","Similar winger to Lionel Messi. Above target: none. Below target: shots, minutes. Uncertainty: Low."
winger,Amine Bassi,Houston Dynamo,us Major League Soccer,2023,winger,25,2000,0.5,0.4358021354237059,1.8,1.900081092039465,0.143,Low,standard match,none,"shots, minutes","Similar winger to Lionel Messi. Above target: none. Below target: shots, minutes. Uncertainty: Low."
winger,Aziel Jackson,St. Louis City,us Major League Soccer,2023,winger,21,1119,0.1,0.16182472989195676,2.4,2.3128651460584235,0.122,Medium,standard match,none,"shots, minutes","Similar winger to Lionel Messi. Above target: none. Below target: shots, minutes. Uncertainty: Medium."
winger,Nökkvi Þórisson,St. Louis City,us Major League Soccer,2024,winger,24,1190,0.3,0.28402002310358104,3.3,2.8765306122448977,0.091,Medium,standard match,none,"shots, minutes","Similar winger to Lionel Messi. Above target: none. Below target: shots, minutes. Uncertainty: Medium."
winger,Corey Baird,FC Cincinnati,us Major League Soccer,2024,winger,28,952,0.3,0.2817862628922536,1.7,1.9055080096554753,0.09,Medium,standard match,none,"shots, minutes","Similar winger to Lionel Messi. Above target: none. Below target: shots, minutes. Uncertainty: Medium."
winger,Santiago Muñóz,Sporting KC,us Major League Soccer,2025,winger,22,871,0.3,0.28086014066643605,2.2,2.189968868903494,0.084,Medium,standard match,none,"shots, minutes","Similar winger to Lionel Messi. Above target: none. Below target: shots, minutes. Uncertainty: Medium."
winger,Ali Ahmed,Vancouver W'caps,us Major League Soccer,2025,winger,24,1288,0.0,0.09243159147066898,1.7,1.8714102681431317,0.083,Medium,standard match,none,"shots, minutes","Similar winger to Lionel Messi. Above target: none. Below target: shots, minutes. Uncertainty: Medium."
winger,Anderson Julio,FC Dallas,us Major League Soccer,2025,winger,28,1577,0.3,0.28671468587434973,2.1,2.1244097639055624,0.067,Low,standard match,none,"shots, minutes","Similar winger to Lionel Messi. Above target: none. Below target: shots, minutes. Uncertainty: Low."
winger,Kristoffer Velde,Portland Timbers,us Major League Soccer,2025,winger,25,651,0.0,0.13560687432867882,4.1,3.0883190118152526,0.065,Medium,standard match,none,"sot_pct_adj, minutes","Similar winger to Lionel Messi. Above target: none. Below target: sot_pct_adj, minutes. Uncertainty: Medium."
winger,Lawrence Ennali,Houston Dynamo,us Major League Soccer,2025,winger,22,994,0.1,0.16638023630504833,2.2,2.1906552094522023,0.06,Medium,standard match,none,"shots, minutes","Similar winger to Lionel Messi. Above target: none. Below target: shots, minutes. Uncertainty: Medium."
winger,Benjamin Kikanovic,SJ Earthquakes,us Major League Soccer,2022,winger,22,1370,0.4,0.35091484869809997,1.4,1.6682090077410274,0.019,Medium,standard match,none,"shots, minutes","Similar winger to Lionel Messi. Above target: none. Below target: shots, minutes. Uncertainty: Medium."
winger,Marcel Hartel,St. Louis City,us Major League Soccer,2025,winger,29,3022,0.3,0.29185635792778647,2.3,2.2765011773940342,0.016,Low,standard match,minutes,"shots_on_target, shots","Similar winger to Lionel Messi. Above target: minutes. Below target: shots_on_target, shots. Uncertainty: Low."
winger,Justin Meram,2 Teams,us Major League Soccer,2023,winger,34,1515,0.2,0.21859776168531928,1.4,1.6509052007899934,0.013,Medium,standard match,none,"shots, minutes","Similar winger to Lionel Messi. Above target: none. Below target: shots, minutes. Uncertainty: Medium."
winger,Jules-Anthony Vilsaint,CF Montréal,us Major League Soccer,2024,winger,21,839,0.2,0.22666037513271203,2.9,2.5660375132712043,-0.011,Medium,standard match,none,"shots, minutes","Similar winger to Lionel Messi. Above target: none. Below target: shots, minutes. Uncertainty: Medium."
winger,Tomáš Ostrák,St. Louis City,us Major League Soccer,2023,winger,22,1151,0.2,0.22217425431711146,2.5,2.376079277864992,-0.028,Medium,standard match,none,"shots, minutes","Similar winger to Lionel Messi. Above target: none. Below target: shots, minutes. Uncertainty: Medium."
winger,Marcelino Moreno,Atlanta Utd,us Major League Soccer,2022,winger,27,1767,0.1,0.14569653948535935,2.8,2.619653948535936,-0.03,Low,standard match,none,"shots, minutes","Similar winger to Lionel Messi. Above target: none. Below target: shots, minutes. Uncertainty: Low."
winger,Ousseni Bouda,SJ Earthquakes,us Major League Soccer,2025,winger,24,1329,0.2,0.2202291442892947,2.8,2.5816863587540277,-0.04,Medium,standard match,none,"shots, minutes","Similar winger to Lionel Messi. Above target: none. Below target: shots, minutes. Uncertainty: Medium."
winger,Iuri Tavares,Charlotte,us Major League Soccer,2024,winger,22,896,0.3,0.2811791383219954,2.7,2.467913832199547,-0.04,Medium,standard match,none,"shots, minutes","Similar winger to Lionel Messi. Above target: none. Below target: shots, minutes. Uncertainty: Medium."
winger,Deandre Kerr,Toronto FC,us Major League Soccer,2023,winger,20,1214,0.4,0.34703369719981014,1.6,1.81499762695776,-0.056,Medium,standard match,none,"shots, minutes","Similar winger to Lionel Messi. Above target: none. Below target: shots, minutes. Uncertainty: Medium."
winger,Alejandro Pozuelo,2 Teams,us Major League Soccer,2022,winger,30,2372,0.2,0.2134076886568581,1.2,1.4273967726625534,-0.064,Low,standard match,none,"shots, minutes","Similar winger to Lionel Messi. Above target: none. Below target: shots, minutes. Uncertainty: Low."
winger,Tesho Akindele,Orlando City,us Major League Soccer,2022,winger,29,610,0.4,0.32305570876999445,3.1,2.6015168229453947,-0.066,High,standard match,none,"shots, minutes","Similar winger to Lionel Messi. Above target: none. Below target: shots, minutes. Uncertainty: High."
winger,Jacob Murrell,D.C. United,us Major League Soccer,2024,winger,19,884,0.1,0.170855308415501,3.0,2.6304746617748225,-0.095,Medium,standard match,none,"shots, minutes","Similar winger to Lionel Messi. Above target: none. Below target: shots, minutes. Uncertainty: Medium."
winger,Nigel Robertha,D.C. United,us Major League Soccer,2022,winger,23,715,0.1,0.1793222949557181,1.3,1.7416634578359647,-0.099,Medium,standard match,none,"shots, minutes","Similar winger to Lionel Messi. Above target: none. Below target: shots, minutes. Uncertainty: Medium."
winger,Ramiro Enrique,Orlando City,us Major League Soccer,2023,winger,21,1038,0.3,0.2826268969126112,3.0,2.6626896912611198,-0.103,Medium,standard match,none,"sot_pct_adj, minutes","Similar winger to Lionel Messi. Above target: none. Below target: sot_pct_adj, minutes. Uncertainty: Medium."
winger,Robert Taylor,Inter Miami,us Major League Soccer,2023,winger,28,1457,0.2,0.21905886321470736,1.1,1.456299544611233,-0.111,Medium,standard match,none,"shots, minutes","Similar winger to Lionel Messi. Above target: none. Below target: shots, minutes. Uncertainty: Medium."
winger,Tyler Pasher,2 Teams,us Major League Soccer,2022,winger,27,628,0.3,0.27741496598639453,2.6,2.3748299319727892,-0.113,Medium,standard match,none,"shots, minutes","Similar winger to Lionel Messi. Above target: none. Below target: shots, minutes. Uncertainty: Medium."
winger,Emiliano Rigoni,Austin FC,us Major League Soccer,2023,winger,29,2191,0.2,0.21427939596891388,2.0,2.0440386680988185,-0.113,Low,standard match,none,"shots, minutes","Similar winger to Lionel Messi. Above target: none. Below target: shots, minutes. Uncertainty: Low."
winger,Matko Miljevic,CF Montréal,us Major League Soccer,2022,winger,20,694,0.1,0.18033277005069542,3.5,2.8262706356427922,-0.123,Medium,standard match,none,"shots, minutes","Similar winger to Lionel Messi. Above target: none. Below target: shots, minutes. Uncertainty: Medium."
winger,Pedrinho,FC Dallas,us Major League Soccer,2025,winger,21,935,0.2,0.2250665483584738,1.3,1.6816548358473824,-0.135,Medium,standard match,none,"shots, minutes","Similar winger to Lionel Messi. Above target: none. Below target: shots, minutes. Uncertainty: Medium."
winger,Dominik Yankov,CF Montréal,us Major League Soccer,2024,winger,23,699,0.3,0.2785585120123999,2.1,2.1393955050374585,-0.144,Medium,standard match,none,"shots, minutes","Similar winger to Lionel Messi. Above target: none. Below target: shots, minutes. Uncertainty: Medium."
winger,Iván Franco,Houston Dynamo,us Major League Soccer,2023,winger,22,1065,0.3,0.2828901257472686,2.3,2.250628736343022,-0.152,Medium,standard match,none,"shots, minutes","Similar winger to Lionel Messi. Above target: none. Below target: shots, minutes. Uncertainty: Medium."
winger,Alenis Vargas,Sporting KC,us Major League Soccer,2024,winger,20,633,0.3,0.27741496598639453,1.6,1.9081632653061225,-0.164,Medium,standard match,none,"shots, minutes","Similar winger to Lionel Messi. Above target: none. Below target: shots, minutes. Uncertainty: Medium."
winger,Diego Gómez,Inter Miami,us Major League Soccer,2024,winger,20,1354,0.2,0.22005323868677906,1.5,1.7357586512866017,-0.182,Medium,standard match,none,"shots, minutes","Similar winger to Lionel Messi. Above target: none. Below target: shots, minutes. Uncertainty: Medium."
winger,Jayden Nelson,Vancouver W'caps,us Major League Soccer,2025,winger,22,1321,0.09999999999999999,0.1555605502112739,2.0,2.062662950642812,-0.204,Medium,standard match,none,"shots, minutes","Similar winger to Lionel Messi. Above target: none. Below target: shots, minutes. Uncertainty: Medium."
winger,Ben Bender,Charlotte,us Major League Soccer,2023,winger,21,906,0.3,0.2812831209831999,1.7,1.9111850264967867,-0.204,Medium,standard match,none,"shots, minutes","Similar winger to Lionel Messi. Above target: none. Below target: shots, minutes. Uncertainty: Medium."
winger,Dante Sealy,CF Montréal,us Major League Soccer,2025,winger,21,2421,0.3,0.2902929653236653,2.2,2.1949125782118006,-0.208,Low,standard match,none,"shots_on_target, shots","Similar winger to Lionel Messi. Above target: none. Below target: shots_on_target, shots. Uncertainty: Low."
winger,Johnny Russell,Sporting KC,us Major League Soccer,2024,winger,33,1731,0.20000000000000004,0.21695678271308524,2.4,2.3346488595438175,-0.209,Low,standard match,none,"shots, minutes","Similar winger to Lionel Messi. Above target: none. Below target: shots, minutes. Uncertainty: Low."
winger,Mauricio Cuevas,LA Galaxy,us Major League Soccer,2025,winger,21,791,0.2,0.22745383867832847,0.6,1.3513362487852283,-0.233,Medium,standard match,none,"shots, minutes","Similar winger to Lionel Messi. Above target: none. Below target: shots, minutes. Uncertainty: Medium."
winger,Yimmi Chará,Portland Timbers,us Major League Soccer,2023,winger,31,739,0.1,0.17785336356764928,1.0,1.5816326530612246,-0.269,Medium,standard match,none,"shots, minutes","Similar winger to Lionel Messi. Above target: none. Below target: shots, minutes. Uncertainty: Medium."
winger,Dante Vanzeir,NY Red Bulls,us Major League Soccer,2023,winger,24,749,0.2,0.22829598096907475,2.9,2.545549017152873,-0.278,Medium,standard match,none,"sot_pct_adj, minutes","Similar winger to Lionel Messi. Above target: none. Below target: sot_pct_adj, minutes. Uncertainty: Medium."
winger,Michael Barrios,Colorado Rapids,us Major League Soccer,2022,winger,30,1906,0.1,0.14319261951355883,2.2,2.1939194856024606,-0.278,Low,standard match,none,"shots, minutes","Similar winger to Lionel Messi. Above target: none. Below target: shots, minutes. Uncertainty: Low."
winger,Facundo Farías,Inter Miami,us Major League Soccer,2023,winger,20,836,0.3,0.28041760056623805,2.5,2.3510086115371003,-0.279,Medium,standard match,none,"shots, minutes","Similar winger to Lionel Messi. Above target: none. Below target: shots, minutes. Uncertainty: Medium."
winger,Luis Díaz,Columbus Crew,us Major League Soccer,2022,winger,23,1531,0.19999999999999998,0.21844897959183673,1.1,1.4448979591836735,-0.287,Medium,standard match,none,"shots, minutes","Similar winger to Lionel Messi. Above target: none. Below target: shots, minutes. Uncertainty: Medium."
winger,Theo Corbeanu,Toronto FC,us Major League Soccer,2025,winger,22,2300,0.2,0.21372691933916427,2.2,2.1947157434402333,-0.309,Low,standard match,none,"shots, minutes","Similar winger to Lionel Messi. Above target: none. Below target: shots, minutes. Uncertainty: Low."
winger,Jared Stroud,D.C. United,us Major League Soccer,2024,winger,27,2496,0.1,0.13532841708111817,2.1,2.1174355456468303,-0.309,Low,standard match,minutes,"sot_pct_adj, shots","Similar winger to Lionel Messi. Above target: minutes. Below target: sot_pct_adj, shots. Uncertainty: Low."
winger,Aliyu Ibrahim,Houston Dynamo,us Major League Soccer,2024,winger,22,2650,0.2,0.21233220560951654,2.3,2.2738622721815998,-0.317,Low,standard match,minutes,"shots_on_target, shots","Similar winger to Lionel Messi. Above target: minutes. Below target: shots_on_target, shots. Uncertainty: Low."
winger,Jonathan Lewis,Colorado Rapids,us Major League Soccer,2022,winger,24,2208,0.2,0.21419152276295134,2.3,2.269921507064364,-0.325,Low,standard match,none,"shots, minutes","Similar winger to Lionel Messi. Above target: none. Below target: shots, minutes. Uncertainty: Low."
winger,Damir Kreilach,Real Salt Lake,us Major League Soccer,2023,winger,33,1317,0.3,0.28500993317681056,2.5,2.385949069893444,-0.326,Medium,standard match,none,"shots, minutes","Similar winger to Lionel Messi. Above target: none. Below target: shots, minutes. Uncertainty: Medium."
winger,Hernán López Muñoz,SJ Earthquakes,us Major League Soccer,2024,winger,23,1819,0.3,0.28798668403531624,2.2,2.1937038645245335,-0.328,Low,standard match,none,"shots, minutes","Similar winger to Lionel Messi. Above target: none. Below target: shots, minutes. Uncertainty: Low."
winger,Pedro Vite,Vancouver W'caps,us Major League Soccer,2025,winger,22,1395,0.3,0.2855840208423795,1.9,1.994572297003908,-0.343,Medium,standard match,none,"shots, minutes","Similar winger to Lionel Messi. Above target: none. Below target: shots, minutes. Uncertainty: Medium."
winger,Hannes Wolf,NYCFC,us Major League Soccer,2024,winger,24,2559,0.2,0.21267100246692083,1.6,1.7269903565821934,-0.352,Low,standard match,minutes,"shots_on_target, shots","Similar winger to Lionel Messi. Above target: minutes. Below target: shots_on_target, shots. Uncertainty: Low."
winger,Lassi Lappalainen,CF Montréal,us Major League Soccer,2023,winger,24,1034,0.2,0.22365253793825224,1.6,1.8370486656200944,-0.356,Medium,standard match,none,"shots, minutes","Similar winger to Lionel Messi. Above target: none. Below target: shots, minutes. Uncertainty: Medium."
winger,Cade Cowell,SJ Earthquakes,us Major League Soccer,2022,winger,18,1554,0.2,0.21823021698798095,2.5,2.3981205130273455,-0.369,Medium,standard match,none,"shots, minutes","Similar winger to Lionel Messi. Above target: none. Below target: shots, minutes. Uncertainty: Medium."
winger,Monsef Bakrar,NYCFC,us Major League Soccer,2025,winger,24,601,0.3,0.2769540469248924,2.8,2.4613910870470637,-0.37,High,standard match,none,"shots, minutes","Similar winger to Lionel Messi. Above target: none. Below target: shots, minutes. Uncertainty: High."
winger,Rasmus Alm,St. Louis City,us Major League Soccer,2023,winger,27,1096,0.2,0.2228328955344514,1.1,1.526853909880784,-0.373,Medium,standard match,none,"shots, minutes","Similar winger to Lionel Messi. Above target: none. Below target: shots, minutes. Uncertainty: Medium."
winger,Osman Bukari,Austin FC,us Major League Soccer,2024,winger,25,614,0.1,0.18521787093215664,1.5,1.8663816878102595,-0.384,Medium,standard match,none,"shots, minutes","Similar winger to Lionel Messi. Above target: none. Below target: shots, minutes. Uncertainty: Medium."
winger,Christian Ortiz,Charlotte,us Major League Soccer,2022,winger,29,642,0.1,0.18352480064873633,1.5,1.8591025814299234,-0.392,Medium,standard match,none,"shots, minutes","Similar winger to Lionel Messi. Above target: none. Below target: shots, minutes. Uncertainty: Medium."
winger,Miguel Almirón,Atlanta Utd,us Major League Soccer,2025,winger,30,2706,0.2,0.21210562965343618,2.3,2.2743424929026728,-0.392,Low,standard match,minutes,"shots_on_target, shots","Similar winger to Lionel Messi. Above target: minutes. Below target: shots_on_target, shots. Uncertainty: Low."
winger,Ethan Finlay,Austin FC,us Major League Soccer,2023,winger,32,1694,0.3,0.28735912275357905,1.2,1.4918824246116356,-0.407,Low,standard match,none,"shots, minutes","Similar winger to Lionel Messi. Above target: none. Below target: shots, minutes. Uncertainty: Low."
winger,Dominique Badji,FC Cincinnati,us Major League Soccer,2022,winger,29,1099,0.0,0.10204081632653061,2.3,2.2516063851283086,-0.411,Medium,standard match,none,"shots, minutes","Similar winger to Lionel Messi. Above target: none. Below target: shots, minutes. Uncertainty: Medium."
winger,Jonathan Bamba,Chicago Fire,us Major League Soccer,2025,winger,28,2456,0.2,0.21306584956928948,2.1,2.117633115569174,-0.426,Low,standard match,minutes,"shots_on_target, shots","Similar winger to Lionel Messi. Above target: minutes. Below target: shots_on_target, shots. Uncertainty: Low."
winger,Indiana Vassilev,Inter Miami,us Major League Soccer,2022,winger,20,1059,0.2,0.223294166151309,1.6,1.833457019171305,-0.433,Medium,standard match,sot_pct_adj,"shots, minutes","Similar winger to Lionel Messi. Above target: sot_pct_adj. Below target: shots, minutes. Uncertainty: Medium."
winger,Randall Leal,Nashville SC,us Major League Soccer,2022,winger,25,2128,0.1,0.13991216739860501,2.5,2.418431929733919,-0.434,Low,standard match,none,"shots, minutes","Similar winger to Lionel Messi. Above target: none. Below target: shots, minutes. Uncertainty: Low."
winger,Owen Wolff,Austin FC,us Major League Soccer,2025,winger,20,2585,0.2,0.2125674247900795,1.0,1.256742479007952,-0.436,Low,standard match,minutes,"shots_on_target, shots","Similar winger to Lionel Messi. Above target: minutes. Below target: shots_on_target, shots. Uncertainty: Low."
winger,Franco Fragapane,Minnesota Utd,us Major League Soccer,2024,winger,30,830,0.1,0.17332700522069294,1.7,1.9222354057902231,-0.441,Medium,standard match,none,"shots, minutes","Similar winger to Lionel Messi. Above target: none. Below target: shots, minutes. Uncertainty: Medium."
winger,Brian Gutiérrez,Chicago Fire,us Major League Soccer,2024,winger,20,2374,0.2,0.2134076886568581,2.4,2.348327005220693,-0.446,Low,standard match,none,"shots, minutes","Similar winger to Lionel Messi. Above target: none. Below target: shots, minutes. Uncertainty: Low."
winger,Kamil Jóźwiak,Charlotte,us Major League Soccer,2023,winger,24,1378,0.1,0.15412980642900936,0.8,1.2730664798108084,-0.448,Medium,standard match,none,"shots, minutes","Similar winger to Lionel Messi. Above target: none. Below target: shots, minutes. Uncertainty: Medium."
winger,Andres Jasson,NYCFC,us Major League Soccer,2023,winger,21,810,0.3,0.2800720288115246,1.9,2.030732292917167,-0.456,Medium,standard match,none,"shots, minutes","Similar winger to Lionel Messi. Above target: none. Below target: shots, minutes. Uncertainty: Medium."
winger,Onni Valakari,San Diego FC,us Major League Soccer,2025,winger,25,2446,0.1,0.13583024118738407,1.1,1.3449559369202229,-0.472,Low,standard match,minutes,"shots_on_target, shots","Similar winger to Lionel Messi. Above target: minutes. Below target: shots_on_target, shots. Uncertainty: Low."
winger,David Costa,Portland Timbers,us Major League Soccer,2025,winger,24,2514,0.1,0.13513160138707292,1.6,1.7287590245011655,-0.495,Low,standard match,minutes,"shots_on_target, shots","Similar winger to Lionel Messi. Above target: minutes. Below target: shots_on_target, shots. Uncertainty: Low."
winger,Kevin Cabral,Colorado Rapids,us Major League Soccer,2023,winger,23,1177,0.2,0.22185898055904826,1.4,1.6949027952413194,-0.498,Medium,standard match,sot_pct_adj,"shots, minutes","Similar winger to Lionel Messi. Above target: sot_pct_adj. Below target: shots, minutes. Uncertainty: Medium."
winger,Kerwin Vargas,Charlotte,us Major League Soccer,2024,winger,22,2453,0.2,0.21306584956928948,2.3,2.2723073365323465,-0.499,Low,standard match,minutes,"shots_on_target, shots","Similar winger to Lionel Messi. Above target: minutes. Below target: shots_on_target, shots. Uncertainty: Low."
winger,Jáder Obrian,Austin FC,us Major League Soccer,2024,winger,28,2246,0.3,0.28973407544836116,1.3,1.5128014842300557,-0.504,Low,standard match,none,"shots, minutes","Similar winger to Lionel Messi. Above target: none. Below target: shots, minutes. Uncertainty: Low."
winger,Jack Skahan,SJ Earthquakes,us Major League Soccer,2024,winger,25,860,0.1,0.17166048237476808,2.2,2.1899118738404453,-0.511,Medium,standard match,none,"shots, minutes","Similar winger to Lionel Messi. Above target: none. Below target: shots, minutes. Uncertainty: Medium."
winger,Patrickson Delgado,FC Dallas,us Major League Soccer,2025,winger,21,1709,0.1,0.14671201814058957,1.3000000000000003,1.560090702947846,-0.517,Low,standard match,none,"shots, minutes","Similar winger to Lionel Messi. Above target: none. Below target: shots, minutes. Uncertainty: Low."
winger,Mateusz Klich,D.C. United,us Major League Soccer,2023,winger,32,2719,0.10000000000000002,0.13301634790041675,1.4,1.562891334544289,-0.524,Low,standard match,minutes,"shots_on_target, shots","Similar winger to Lionel Messi. Above target: minutes. Below target: shots_on_target, shots. Uncertainty: Low."
winger,Nicolás Ezequiel Fernández,NYCFC,us Major League Soccer,2025,winger,25,883,0.3,0.2809676679660628,1.6000000000000003,1.85968814492089,-0.528,Medium,standard match,none,"shots, minutes","Similar winger to Lionel Messi. Above target: none. Below target: shots, minutes. Uncertainty: Medium."
winger,Julian Gressel,Inter Miami,us Major League Soccer,2024,winger,30,2340,0.0,0.06062424969987996,1.2,1.4300720288115247,-0.556,Low,standard match,none,"shots, minutes","Similar winger to Lionel Messi. Above target: none. Below target: shots, minutes. Uncertainty: Low."
winger,Luciano Acosta,FC Dallas,us Major League Soccer,2025,winger,30,1695,0.3,0.28735912275357905,1.6,1.7724794395370087,-0.556,Low,standard match,none,"shots, minutes","Similar winger to Lionel Messi. Above target: none. Below target: shots, minutes. Uncertainty: Low."
winger,Ondřej Lingr,Houston Dynamo,us Major League Soccer,2025,winger,26,1783,0.2,0.21659080898546468,2.0,2.0511672294817207,-0.561,Low,standard match,none,"shots, minutes","Similar winger to Lionel Messi. Above target: none. Below target: shots, minutes. Uncertainty: Low."
winger,Alexandru Mățan,Columbus Crew,us Major League Soccer,2023,winger,23,2265,0.0,0.06208507499385298,1.2,1.435615933120236,-0.561,Low,standard match,none,"shots, minutes","Similar winger to Lionel Messi. Above target: none. Below target: shots, minutes. Uncertainty: Low."
winger,Víctor Vázquez,LA Galaxy,us Major League Soccer,2022,winger,35,1159,0.2,0.22206815740650326,1.6,1.821169807635973,-0.57,Medium,standard match,none,"shots, minutes","Similar winger to Lionel Messi. Above target: none. Below target: shots, minutes. Uncertainty: Medium."
winger,Cole Bassett,Colorado Rapids,us Major League Soccer,2023,winger,21,1898,0.3,0.28835822988989407,1.8,1.9038642261028125,-0.573,Low,standard match,none,"shots, minutes","Similar winger to Lionel Messi. Above target: none. Below target: shots, minutes. Uncertainty: Low."
winger,Georgios Koutsias,Chicago Fire,us Major League Soccer,2023,winger,18,1018,0.3,0.2824468647562652,1.6,1.8395051284762611,-0.578,Medium,standard match,none,"shots, minutes","Similar winger to Lionel Messi. Above target: none. Below target: shots, minutes. Uncertainty: Medium."
winger,Mohammed Sofo,NY Red Bulls,us Major League Soccer,2025,winger,20,1577,0.3,0.28671468587434973,1.9,1.987154861944778,-0.59,Low,standard match,none,"shots, minutes","Similar winger to Lionel Messi. Above target: none. Below target: shots, minutes. Uncertainty: Low."
winger,Léo Chú,Seattle Sounders,us Major League Soccer,2022,winger,21,817,0.0,0.12053944384771453,2.0,2.0831841508533238,-0.598,Medium,standard match,none,"sot_pct_adj, minutes","Similar winger to Lionel Messi. Above target: none. Below target: sot_pct_adj, minutes. Uncertainty: Medium."
winger,Tyrese Spicer,2 Teams,us Major League Soccer,2025,winger,24,1150,0.2,0.22217425431711146,1.8,1.9453100470957614,-0.6,Medium,standard match,none,"shots, minutes","Similar winger to Lionel Messi. Above target: none. Below target: shots, minutes. Uncertainty: Medium."
winger,Abu Danladi,Minnesota Utd,us Major League Soccer,2022,winger,26,634,0.3,0.27741496598639453,1.4,1.8148299319727892,-0.607,Medium,standard match,none,"shots, minutes","Similar winger to Lionel Messi. Above target: none. Below target: shots, minutes. Uncertainty: Medium."
winger,Felipe,Austin FC,us Major League Soccer,2022,winger,31,736,0.1,0.17785336356764928,1.1,1.632249937011842,-0.61,High,standard match,none,"shots, minutes","Similar winger to Lionel Messi. Above target: none. Below target: shots, minutes. Uncertainty: High."
winger,Eryk Williamson,Portland Timbers,us Major League Soccer,2024,winger,26,1068,0.2,0.2231771100399959,0.7,1.2940929135473285,-0.623,Medium,standard match,none,"shots, minutes","Similar winger to Lionel Messi. Above target: none. Below target: shots, minutes. Uncertainty: Medium."
winger,Marvin Loría,Portland Timbers,us Major League Soccer,2022,winger,24,803,0.20000000000000004,0.22729138992875259,2.2,2.189494022461056,-0.627,Medium,standard match,none,"shots, minutes","Similar winger to Lionel Messi. Above target: none. Below target: shots, minutes. Uncertainty: Medium."
winger,Xherdan Shaqiri,Chicago Fire,us Major League Soccer,2024,winger,32,741,0.2,0.22847064751826657,1.0,1.5816326530612246,-0.628,Medium,standard match,none,"shots, minutes","Similar winger to Lionel Messi. Above target: none. Below target: shots, minutes. Uncertainty: Medium."
winger,Santiago Moreno,Portland Timbers,us Major League Soccer,2023,winger,22,2332,0.1,0.1372042622358678,1.6,1.736355427126603,-0.637,Low,standard match,none,"shots, minutes","Similar winger to Lionel Messi. Above target: none. Below target: shots, minutes. Uncertainty: Low."
winger,Diego Fagúndez,LA Galaxy,us Major League Soccer,2024,winger,28,1671,0.20000000000000004,0.21733926653368119,1.5,1.7038514653981895,-0.641,Medium,standard match,none,"shots, minutes","Similar winger to Lionel Messi. Above target: none. Below target: shots, minutes. Uncertainty: Medium."
winger,Célio Pompeu,St. Louis City,us Major League Soccer,2025,winger,25,1478,0.1,0.1516895282703245,1.9,1.9910839745734359,-0.651,Medium,standard match,none,"shots, minutes","Similar winger to Lionel Messi. Above target: none. Below target: shots, minutes. Uncertainty: Medium."
winger,Marinos Tzionis,Sporting KC,us Major League Soccer,2022,winger,20,779,0.1,0.17552242453867772,2.5,2.345655627520469,-0.66,Medium,standard match,none,"shots, minutes","Similar winger to Lionel Messi. Above target: none. Below target: shots, minutes. Uncertainty: Medium."
winger,Adalberto Carrasquilla,Houston Dynamo,us Major League Soccer,2023,winger,24,2030,0.1,0.14121648659463784,1.6,1.751060424169668,-0.675,Low,standard match,none,"shots, minutes","Similar winger to Lionel Messi. Above target: none. Below target: shots, minutes. Uncertainty: Low."
winger,Cristian Roldan,Seattle Sounders,us Major League Soccer,2022,winger,26,2102,0.2,0.21468867801897829,1.5,1.6726894579487848,-0.688,Low,standard match,none,"shots, minutes","Similar winger to Lionel Messi. Above target: none. Below target: shots, minutes. Uncertainty: Low."
winger,Deiber Caicedo,Vancouver W'caps,us Major League Soccer,2022,winger,21,985,0.1,0.16673145448655652,1.7,1.902245977756182,-0.69,Medium,standard match,none,"shots, minutes","Similar winger to Lionel Messi. Above target: none. Below target: shots, minutes. Uncertainty: Medium."
winger,Ignatius Ganago,NE Revolution,us Major League Soccer,2025,winger,25,1574,0.2,0.2180872348939576,2.2,2.1930372148859547,-0.701,Low,standard match,none,"shots, minutes","Similar winger to Lionel Messi. Above target: none. Below target: shots, minutes. Uncertainty: Low."
winger,Jeong Sangbin,Minnesota Utd,us Major League Soccer,2024,winger,21,2171,0.2,0.21436836416809715,1.5,1.6689236442240447,-0.705,Low,standard match,none,"shots, minutes","Similar winger to Lionel Messi. Above target: none. Below target: shots, minutes. Uncertainty: Low."
winger,Alex Muyl,Nashville SC,us Major League Soccer,2025,winger,29,2230,0.0,0.06284221005475357,1.3,1.5140990542558486,-0.735,Low,standard match,none,"shots, minutes","Similar winger to Lionel Messi. Above target: none. Below target: shots, minutes. Uncertainty: Low."
winger,Peglow,D.C. United,us Major League Soccer,2025,winger,23,1693,0.2,0.21720986902223577,1.4,1.6321809320743221,-0.753,Low,standard match,none,"shots, minutes","Similar winger to Lionel Messi. Above target: none. Below target: shots, minutes. Uncertainty: Low."
winger,Corentin Jean,Inter Miami,us Major League Soccer,2023,winger,27,829,0.1,0.17332700522069294,1.5,1.8152586616041766,-0.759,Medium,standard match,none,"shots, minutes","Similar winger to Lionel Messi. Above target: none. Below target: shots, minutes. Uncertainty: Medium."
winger,Luquinhas,NY Red Bulls,us Major League Soccer,2022,winger,25,1937,0.2,0.21563472846765827,1.6,1.7566931857488761,-0.769,Low,standard match,none,"shots, minutes","Similar winger to Lionel Messi. Above target: none. Below target: shots, minutes. Uncertainty: Low."
winger,Hosei Kijima,St. Louis City,us Major League Soccer,2024,winger,21,784,0.1,0.17552242453867772,1.6,1.8767933520713675,-0.774,Medium,standard match,none,"shots, minutes","Similar winger to Lionel Messi. Above target: none. Below target: shots, minutes. Uncertainty: Medium."
winger,Brecht Dejaegere,Charlotte,us Major League Soccer,2024,winger,32,918,0.1,0.16929804888988562,1.0,1.5177169769006504,-0.782,Medium,standard match,none,"shots, minutes","Similar winger to Lionel Messi. Above target: none. Below target: shots, minutes. Uncertainty: Medium."
winger,Sebastian Kowalczyk,Houston Dynamo,us Major League Soccer,2024,winger,25,2147,0.2,0.2144584479559849,1.8,1.8947476169151047,-0.792,Low,standard match,none,"shots, minutes","Similar winger to Lionel Messi. Above target: none. Below target: shots, minutes. Uncertainty: Low."
winger,Max,Colorado Rapids,us Major League Soccer,2022,winger,20,904,0.0,0.11451247165532878,2.3,2.245691609977324,-0.793,Medium,standard match,none,"shots, minutes","Similar winger to Lionel Messi. Above target: none. Below target: shots, minutes. Uncertainty: Medium."
winger,Jacob Shaffelburg,Nashville SC,us Major League Soccer,2023,winger,23,1315,0.2,0.22040816326530613,2.1,2.1275419902474266,-0.795,Medium,standard match,none,"shots, minutes","Similar winger to Lionel Messi. Above target: none. Below target: shots, minutes. Uncertainty: Medium."
winger,Jon Gallagher,Austin FC,us Major League Soccer,2024,winger,27,2661,0.1,0.1335432045158489,0.5,0.8569800260529743,-0.799,Low,standard match,minutes,"shots_on_target, shots","Similar winger to Lionel Messi. Above target: minutes. Below target: shots_on_target, shots. Uncertainty: Low."
winger,Bryce Duke,Inter Miami,us Major League Soccer,2022,winger,20,1478,0.1,0.1516895282703245,0.9,1.3189528270324524,-0.802,Medium,standard match,none,"shots, minutes","Similar winger to Lionel Messi. Above target: none. Below target: shots, minutes. Uncertainty: Medium."
winger,Omir Fernandez,NY Red Bulls,us Major League Soccer,2022,winger,22,1441,0.09999999999999999,0.15255102040816326,1.5999999999999999,1.7926020408163263,-0.808,Medium,standard match,none,"shots, minutes","Similar winger to Lionel Messi. Above target: none. Below target: shots, minutes. Uncertainty: Medium."
winger,Joaquín Torres,CF Montréal,us Major League Soccer,2022,winger,25,1311,0.19999999999999998,0.2204081632653061,1.8,1.9337366805129133,-0.822,Medium,standard match,none,"shots, minutes","Similar winger to Lionel Messi. Above target: none. Below target: shots, minutes. Uncertainty: Medium."
winger,Cristián Dajome,2 Teams,us Major League Soccer,2023,winger,29,1077,0.2,0.22306122448979593,1.6,1.8311224489795919,-0.823,Medium,standard match,none,"shots, minutes","Similar winger to Lionel Messi. Above target: none. Below target: shots, minutes. Uncertainty: Medium."
winger,Stipe Biuk,LAFC,us Major League Soccer,2023,winger,20,1345,0.2,0.2201408074146689,1.9,1.997050173781303,-0.835,Medium,standard match,none,"shots, minutes","Similar winger to Lionel Messi. Above target: none. Below target: shots, minutes. Uncertainty: Medium."
winger,Paul Arriola,FC Dallas,us Major League Soccer,2023,winger,27,1655,0.1,0.14777365491651206,1.5,1.7053957946815093,-0.837,Low,standard match,none,"shots, minutes","Similar winger to Lionel Messi. Above target: none. Below target: shots, minutes. Uncertainty: Low."
winger,Serge Ngoma,NY Red Bulls,us Major League Soccer,2025,winger,19,630,0.1,0.1840816326530612,1.7,1.9548299319727893,-0.837,High,standard match,none,"shots, minutes","Similar winger to Lionel Messi. Above target: none. Below target: shots, minutes. Uncertainty: High."
winger,Rubio Rubin,Real Salt Lake,us Major League Soccer,2023,winger,26,1294,0.1,0.15630466472303206,2.0,2.0635021865889214,-0.846,Medium,standard match,none,"shots, minutes","Similar winger to Lionel Messi. Above target: none. Below target: shots, minutes. Uncertainty: Medium."
winger,Tom Barlow,NY Red Bulls,us Major League Soccer,2023,winger,27,1841,0.1,0.1442534908700322,1.6,1.7621911922663802,-0.857,Low,standard match,none,"shots, minutes","Similar winger to Lionel Messi. Above target: none. Below target: shots, minutes. Uncertainty: Low."
winger,Yaw Yeboah,Columbus Crew,us Major League Soccer,2022,winger,24,791,0.0,0.12269193391642369,1.8,1.9799076773566568,-0.876,Medium,standard match,none,"shots, minutes","Similar winger to Lionel Messi. Above target: none. Below target: shots, minutes. Uncertainty: Medium."
winger,Magomed-Shapi Suleymanov,Sporting KC,us Major League Soccer,2025,winger,25,2017,0.1,0.1414876476906552,1.6,1.7520542427497316,-0.883,Low,standard match,none,"shots, minutes","Similar winger to Lionel Messi. Above target: none. Below target: shots, minutes. Uncertainty: Low."
winger,McKinze Gaines,Charlotte,us Major League Soccer,2023,winger,24,738,0.09999999999999999,0.17785336356764928,0.9,1.5310153691106074,-0.884,Medium,standard match,none,"shots, minutes","Similar winger to Lionel Messi. Above target: none. Below target: shots, minutes. Uncertainty: Medium."
winger,James Igbekeme,Columbus Crew,us Major League Soccer,2022,winger,26,901,0.0,0.11451247165532878,1.3,1.6901360544217687,-0.901,Medium,standard match,none,"shots, minutes","Similar winger to Lionel Messi. Above target: none. Below target: shots, minutes. Uncertainty: Medium."
winger,Sam Nicholson,Colorado Rapids,us Major League Soccer,2023,winger,28,1491,0.09999999999999999,0.1512692882030861,1.1,1.450506056080969,-0.904,Low,standard match,none,"shots, minutes","Similar winger to Lionel Messi. Above target: none. Below target: shots, minutes. Uncertainty: Low."
winger,Fabian Herbers,Chicago Fire,us Major League Soccer,2022,winger,28,1076,0.1,0.16306122448979593,1.8,1.951122448979592,-0.916,Medium,standard match,none,"shots, minutes","Similar winger to Lionel Messi. Above target: none. Below target: shots, minutes. Uncertainty: Medium."
winger,Nicolás Stefanelli,Inter Miami,us Major League Soccer,2023,winger,28,1331,0.09999999999999999,0.15531686358754027,1.8,1.932563551736484,-0.923,Medium,standard match,none,"shots, minutes","Similar winger to Lionel Messi. Above target: none. Below target: shots, minutes. Uncertainty: Medium."
winger,Bernard Kamungo,FC Dallas,us Major League Soccer,2024,winger,22,1321,0.0,0.0908028409601726,1.8,1.9331475321406095,-0.924,Medium,standard match,none,"shots, minutes","Similar winger to Lionel Messi. Above target: none. Below target: shots, minutes. Uncertainty: Medium."
winger,Martín Rodríguez,D.C. United,us Major League Soccer,2022,winger,27,904,0.0,0.11451247165532878,0.5,1.2456916099773243,-0.932,Medium,standard match,none,"shots, minutes","Similar winger to Lionel Messi. Above target: none. Below target: shots, minutes. Uncertainty: Medium."
winger,Jonathan Osorio,Toronto FC,us Major League Soccer,2024,winger,31,1853,0.1,0.14409875838447267,0.8,1.1854003139717426,-0.936,Low,standard match,none,"shots, minutes","Similar winger to Lionel Messi. Above target: none. Below target: shots, minutes. Uncertainty: Low."
winger,Ben Cremaschi,Inter Miami,us Major League Soccer,2025,winger,19,1388,0.1,0.15389848246991103,0.8,1.2710448281876854,-0.947,Medium,standard match,none,"shots, minutes","Similar winger to Lionel Messi. Above target: none. Below target: shots, minutes. Uncertainty: Medium."
winger,Sean Rea,CF Montréal,us Major League Soccer,2023,winger,20,745,0.0,0.1264554901715287,0.6,1.3743833729810941,-0.949,Medium,standard match,none,"shots, minutes","Similar winger to Lionel Messi. Above target: none. Below target: shots, minutes. Uncertainty: Medium."
winger,Benji Michel,Orlando City,us Major League Soccer,2022,winger,24,1504,0.1,0.15106172023465259,1.5,1.7195323473518962,-0.957,Medium,standard match,none,"shots, minutes","Similar winger to Lionel Messi. Above target: none. Below target: shots, minutes. Uncertainty: Medium."
winger,Miguel Berry,2 Teams,us Major League Soccer,2022,winger,24,1682,0.1,0.14723687227700066,1.4,1.6330505235802186,-0.961,Low,standard match,none,"shots, minutes","Similar winger to Lionel Messi. Above target: none. Below target: shots, minutes. Uncertainty: Low."
winger,Luca Langoni,NE Revolution,us Major League Soccer,2025,winger,22,1633,0.1,0.1483227773868168,1.5,1.7077566658847447,-0.989,Low,standard match,none,"shots, minutes","Similar winger to Lionel Messi. Above target: none. Below target: shots, minutes. Uncertainty: Low."
